MIR1	1	1	CCGGTTGACGTACCTGCTTGGGGGACATACTTCTTTATGTGCCCATATGGACCTGCTAAGCTATGGAATGTAAAGAAGTATGTATTTCAGGCTGGGAACTCTCACCGG	miRNA	MIR1	NC_010459.5	61894036-61894144	+	CCGGTTGACGTACCTGCTTGGGGGACATACTTCTTTATGTGCCCATATGGACCTGCTAAGCTATGGAATGTAAAGAAGTATGTATTTCAGGCTGGGAACTCTCACCGG	1-109
MIR100	1	1	AGGCCTGTTGCCACAAACCCGTAGATCCGAACTTGTGCTGATAGTGCACACAAGCTTGTGTCTATAGGTATGTGTCTGTG	miRNA	MIR100	NC_010451.4	49157909-49157989	-	AGGCCTGTTGCCACAAACCCGTAGATCCGAACTTGTGCTGATAGTGCACACAAGCTTGTGTCTATAGGTATGTGTCTGTG	1-81
MIR101	1	1	GACTGAACTGTCCTTTTTCGGTTATCATGGTACCGATGCTGTATATCTGAAAGGTACAGTACTGTGATAACTGAAGAATGGTGGTGCCATC	miRNA	MIR101-1	NC_010443.5	217152783-217152874	-	GACTGAACTGTCCTTTTTCGGTTATCATGGTACCGATGCTGTATATCTGAAAGGTACAGTACTGTGATAACTGAAGAATGGTGGTGCCATC	1-92
MIR101	2	1	GGCTGCCCTGGCTCAGTTATCACAGTGCTGATGCTGTCCATTCTAAAGGTACAGTACTGTGATAACTGAAGGATGGCAGCC	miRNA	MIR101-2	NC_010448.4	147330891-147330972	+	GGCTGCCCTGGCTCAGTTATCACAGTGCTGATGCTGTCCATTCTAAAGGTACAGTACTGTGATAACTGAAGGATGGCAGCC	1-82
MIR103	1	1	CTTACTGCCCTCGGCTTCTTTACAGTGCTGCCTTGTTGCATATGGATCAAGCAGCATTGTACAGGGCTATGAAGGCACTGAG	miRNA	MIR103-1	NC_010458.4	55329442-55329524	+	CTTACTGCCCTCGGCTTCTTTACAGTGCTGCCTTGTTGCATATGGATCAAGCAGCATTGTACAGGGCTATGAAGGCACTGAG	1-83
MIR103	2	1	TGTGCTTTCAGCTTCTTTACAGTGCTGCCTTGTAGCATTCAGGTCAAGCAGCATTGTACAGGGCTATGAAAGAACTAAGA	miRNA	MIR103-2	NC_010459.5	31808837-31808917	-	TGTGCTTTCAGCTTCTTTACAGTGCTGCCTTGTAGCATTCAGGTCAAGCAGCATTGTACAGGGCTATGAAAGAACTAAGA	1-81
MIR105	1	2	TGTGCATCGTAGTCAAATGCTCAGACTCCT-TGGTGGCTGCTCATGCACCACGGATGTTTGAGCATGTGCTACGGTGTCTA	miRNA	MIR105-1	NC_010461.5	123628381-123628462	-	TGTGCATCGTAGTCAAATGCTCAGACTCCTGTGGTGGCTGCTCATGCACCACGGATGTTTGAGCATGTGCTACGGTGTCTA	1-82
MIR105	1	2	TGTGCATCGTAGTCAAATGCTCAGACTCCT-TGGTGGCTGCTCATGCACCACGGATGTTTGAGCATGTGCTACGGTGTCTA	miRNA	MIR105-2	NC_010461.5	123630499-123630579	-	TGTGCATCGTGGTCAAATGCTCAGACTCCTTGGTGGCTGCTTATGCACCACGGATGTTTGAGCATGTGCTATGGTGTCTA	1-31,32-82
MIR106A	1	1	CCTTGGCCGTGTAAAAGTGCTTACAGTGCAGGTAGCTTTTTGAGATCTACTGCAATGCAAGCACTTCTTACATTACCATGG	miRNA	MIR106A	NC_010461.5	110114388-110114469	-	CCTTGGCCGTGTAAAAGTGCTTACAGTGCAGGTAGCTTTTTGAGATCTACTGCAATGCAAGCACTTCTTACATTACCATGG	1-82
MIR107	1	1	TTCTCTCTGCTTTCAGCTTCTTTACAGTGTTGCCTTGTGGCATGGAGTTCAAGCAGCATTGTACAGGGCTATCAAAGCACAGAGAGC	miRNA	MIR107	NC_010456.5	101420743-101420830	-	TTCTCTCTGCTTTCAGCTTCTTTACAGTGTTGCCTTGTGGCATGGAGTTCAAGCAGCATTGTACAGGGCTATCAAAGCACAGAGAGC	1-88
MIR10A	1	1	TCTGTATATACCCTGTAGATCCGAATTTGTGTAAGGAATTTTGTGGTCACAAATTCGTATCTAGGGGAATATGTAGTTGA	miRNA	MIR10A	NC_010454.4	24833644-24833724	-	TCTGTATATACCCTGTAGATCCGAATTTGTGTAAGGAATTTTGTGGTCACAAATTCGTATCTAGGGGAATATGTAGTTGA	1-81
MIR10B	1	1	GTCTATATATACCCTGTAGAACCGAATTTGTGTGGTATCCACATAGTCACAGATTCGATTCTAGGGGAATATATGGTCGA	miRNA	MIR10B	NC_010457.5	81951644-81951724	+	GTCTATATATACCCTGTAGAACCGAATTTGTGTGGTATCCACATAGTCACAGATTCGATTCTAGGGGAATATATGGTCGA	1-81
MIR122	1	1	CCTTAGCAGAGCTGTGGAGTGTGACAATGGTGTTTGTGTCCAAACTATCAAACGCCATTATCACACTAAATAGCTACTGTTAGGC	miRNA	MIR122	NC_010443.5	162329776-162329861	-	CCTTAGCAGAGCTGTGGAGTGTGACAATGGTGTTTGTGTCCAAACTATCAAACGCCATTATCACACTAAATAGCTACTGTTAGGC	1-86
MIR1224	1	1	CCTACCCTTGGTGAGGACTCGGGAGGTGGAGGGTGGCGCTGCCAGGGCCAGGGCACTGTCTCAGCTCGCTTCTCCCCCCACCTCCTCTCTCCTCAGGTGCGGTTGCAG	miRNA	MIR1224	NC_010455.5	122141042-122141150	+	CCTACCCTTGGTGAGGACTCGGGAGGTGGAGGGTGGCGCTGCCAGGGCCAGGGCACTGTCTCAGCTCGCTTCTCCCCCCACCTCCTCTCTCCTCAGGTGCGGTTGCAG	1-109
MIR1249	1	1	TGTTTGCATGGGGAGGAGGGAGGAGATGGGCCAAGTTCCCTCTGCCTGGAACGCCCTTCCCCCCCTTCTTCACCTAGCGAAC	miRNA	MIR1249-1	NC_010447.5	4187912-4187994	+	TGTTTGCATGGGGAGGAGGGAGGAGATGGGCCAAGTTCCCTCTGCCTGGAACGCCCTTCCCCCCCTTCTTCACCTAGCGAAC	1-83
MIR124A	1	1	TCAAGACCAGACTCTGCCCTCCGTGTTCACAGCGGACCTTGATTTAATGTCATACAATTAAGGCACGCGGTGAATGCCAAGAGCGGAGCCTACGGCTGCACTTGA	miRNA	MIR124A-1	NC_010446.5	69968854-69968959	-	TCAAGACCAGACTCTGCCCTCCGTGTTCACAGCGGACCTTGATTTAATGTCATACAATTAAGGCACGCGGTGAATGCCAAGAGCGGAGCCTACGGCTGCACTTGA	1-106
MIR124A	2	1	AGGCCTCTCTCTCCGTGTTCACAGCGGACCTTGATTTAAATGTCCATACAATTAAGGCACGCGGTGAATGCCAAGAATGGGGCTG	miRNA	MIR124A-2	NC_010456.5	13201425-13201510	-	AGGCCTCTCTCTCCGTGTTCACAGCGGACCTTGATTTAAATGTCCATACAATTAAGGCACGCGGTGAATGCCAAGAATGGGGCTG	1-86
MIR125A	1	1	GGCCTCTGAGTCCCTGAGACCCTTTAACCTGTGAGGACATCCAGGGTCACAGGTGAGGTTCTTGGGAGCCTGGCGTCCGG	miRNA	MIR125A	NC_010448.4	58331566-58331646	-	GGCCTCTGAGTCCCTGAGACCCTTTAACCTGTGAGGACATCCAGGGTCACAGGTGAGGTTCTTGGGAGCCTGGCGTCCGG	1-81
MIR125B	1	1	CCTCTCAGTCCCTGAGACCCTAACTTGTGATGTTTACCGTTTAAATCCACGGGTTAGGCTCTTGGGAGCTGCGAGCCGTG	miRNA	MIR125B-1	NC_010451.4	49109435-49109515	-	CCTCTCAGTCCCTGAGACCCTAACTTGTGATGTTTACCGTTTAAATCCACGGGTTAGGCTCTTGGGAGCTGCGAGCCGTG	1-81
MIR126	1	1	CGACGGGACATTATTACTTTTGGTACGCGCTGTGACACTTCAAACTCGTACCGTGAGTAATAATGCGCTGTCG	miRNA	MIR126	NW_018084833.1	1108695-1108768	-	CGACGGGACATTATTACTTTTGGTACGCGCTGTGACACTTCAAACTCGTACCGTGAGTAATAATGCGCTGTCG	1-74
MIR127	1	1	ATCGCTGTCTCCAGCCTGCTGAAGCTCAGAGGGCTCTGATTCAGAAAGATCATCGGATCCGTCTGAGCTTGGCTGGTCGG	miRNA	MIR127	NC_010449.5	121709636-121709716	+	ATCGCTGTCTCCAGCCTGCTGAAGCTCAGAGGGCTCTGATTCAGAAAGATCATCGGATCCGTCTGAGCTTGGCTGGTCGG	1-81
MIR1271	1	1	TAGATCAGTGCTTGGCACCTAGTAAGCACTCAGTATATACTTGTTGAGTGCCTGCTATGTGCCAGGCATTGTGCTGAG	miRNA	MIR1271	NC_010444.4	81502823-81502901	-	TAGATCAGTGCTTGGCACCTAGTAAGCACTCAGTATATACTTGTTGAGTGCCTGCTATGTGCCAGGCATTGTGCTGAG	1-79
MIR128	1	1	GCAGTGGGAAGGGGGGCCGAGGCACTGTCCGAGAGTGAGTAGCAGGTCTCACAGTGAACCGGTCTCTTTCCCTACTGTGT	miRNA	MIR128-2	NC_010455.5	21038445-21038525	+	GCAGTGGGAAGGGGGGCCGAGGCACTGTCCGAGAGTGAGTAGCAGGTCTCACAGTGAACCGGTCTCTTTCCCTACTGTGT	1-81
MIR128	2	1	TGAGCTGTTGGATTCGGGGCCGTAGCACTGTCTGAGAGGTTTACATTTCTCACAGTGAACCGGTCTCTTTTTCAGCTGCTTC	miRNA	MIR128-1	NC_010457.5	16273557-16273639	-	TGAGCTGTTGGATTCGGGGCCGTAGCACTGTCTGAGAGGTTTACATTTCTCACAGTGAACCGGTCTCTTTTTCAGCTGCTTC	1-83
MIR1296	1	1	CCTAACTGGGTTAGGGCCCTGGCTCCATCTCCTTTAGGAAAACCTTCTGTGGGGAGTGGGGTTTTGACCCTAACCCAGCTGGGCT	miRNA	MIR1296	NC_010456.5	66819703-66819788	-	CCTAACTGGGTTAGGGCCCTGGCTCCATCTCCTTTAGGAAAACCTTCTGTGGGGAGTGGGGTTTTGACCCTAACCCAGCTGGGCT	1-86
MIR129A	1	1	CTTCGTGAATCTTTTTGCGGTCTGGGCTTGCTGTACATAACTCAATAGCCGGAAGCCCTTACCCCAAAAAGCATTCGCGG	miRNA	MIR129A	NC_010444.4	18724220-18724300	-	CTTCGTGAATCTTTTTGCGGTCTGGGCTTGCTGTACATAACTCAATAGCCGGAAGCCCTTACCCCAAAAAGCATTCGCGG	1-81
MIR129B	1	1	CCCTTTGGATCTTTTTGCGGTCTGGGCTTGCTGTTCCTCTCTACAGTAGTCAGGAAGCCCTTACCCCAAAAAGTATCTGCGGGA	miRNA	MIR129B	NC_010460.4	20157213-20157297	-	CCCTTTGGATCTTTTTGCGGTCTGGGCTTGCTGTTCCTCTCTACAGTAGTCAGGAAGCCCTTACCCCAAAAAGTATCTGCGGGA	1-85
MIR1306	1	1	GTCTCCACCACCTCCCCTGCAAACGTCCAGTGATGCAGAGGTAATGGACGTTGGCTCTGGTGGTGATGGACAGGCCGAAC	miRNA	MIR1306	NC_010456.5	51473918-51473998	+	GTCTCCACCACCTCCCCTGCAAACGTCCAGTGATGCAGAGGTAATGGACGTTGGCTCTGGTGGTGATGGACAGGCCGAAC	1-81
MIR1307	1	1	CTACCAATCTCGACCGGACCTCGACCGGCTCGTCTATGTTGCCAATCGACTCGGCGTGGCGTCGGTCGTGGTAGATAGGC	miRNA	MIR1307	NC_010456.5	114325624-114325704	-	CTACCAATCTCGACCGGACCTCGACCGGCTCGTCTATGTTGCCAATCGACTCGGCGTGGCGTCGGTCGTGGTAGATAGGC	1-81
MIR130A	1	1	CGGGCCGGAGCTCTTTTCACATTGTGCTACTGTCTGCACCTATCACTAGCAGTGCAATGTTAAAAGGGCATTGGCCACG	miRNA	MIR130A	NC_010444.4	13296695-13296774	-	CGGGCCGGAGCTCTTTTCACATTGTGCTACTGTCTGCACCTATCACTAGCAGTGCAATGTTAAAAGGGCATTGGCCACG	1-80
MIR130B	1	1	GCCTGCCTGACACTCTTTCCCTGTTGCACTACTGTGGGCCACTGGGAAGCAGTGCAATGATGAAAGGGCATCAGTCAGGC	miRNA	MIR130B	NC_010456.5	50245041-50245121	-	GCCTGCCTGACACTCTTTCCCTGTTGCACTACTGTGGGCCACTGGGAAGCAGTGCAATGATGAAAGGGCATCAGTCAGGC	1-81
MIR132	1	1	CTCCAGGGCAACCGTGGCTTTCGATTGTTACTGTGGGAACCGGAGGTAACAGTCTACAGCCATGGTCGCCCCGCAGCA	miRNA	MIR132	NC_010454.4	48162625-48162703	-	CTCCAGGGCAACCGTGGCTTTCGATTGTTACTGTGGGAACCGGAGGTAACAGTCTACAGCCATGGTCGCCCCGCAGCA	1-79
MIR133A	1	1	TAGAGCTGGTAAAATGGAACCAAATCGCCTCTTCAATGGATTTGGTCCCCTTCAACCAGCTGTAGCTATGCAT	miRNA	MIR133A-2	NC_010448.4	106998899-106998972	-	TAGAGCTGGTAAAATGGAACCAAATCGCCTCTTCAATGGATTTGGTCCCCTTCAACCAGCTGTAGCTATGCAT	1-74
MIR133A	2	1	CGGGACCCAAATGCTTTGCTAAAGCTGGTAAAATGGAACCAAATCAACTGTTGAATGGATTTGGTCCCCTTCAACCAGCTGTAGCTGCGCATTGACAGCGCCG	miRNA	MIR133A-1	NC_010459.5	61904781-61904884	+	CGGGACCCAAATGCTTTGCTAAAGCTGGTAAAATGGAACCAAATCAACTGTTGAATGGATTTGGTCCCCTTCAACCAGCTGTAGCTGCGCATTGACAGCGCCG	1-104
MIR133B	1	1	CCTGCTCTGGCTGGTCAAACGGAACCAAGTCCGTCTTCCTGAGAGGTTTGGTCCCCTTCAACCAGCTATAGCAGGGCTGG	miRNA	MIR133B	NC_010449.5	45980138-45980218	+	CCTGCTCTGGCTGGTCAAACGGAACCAAGTCCGTCTTCCTGAGAGGTTTGGTCCCCTTCAACCAGCTATAGCAGGGCTGG	1-81
MIR1343	1	1	GCTTCGGTGCTGGGGAGCGGCCCCCGGGCGGGCCTCTGCTCTGGCCCCTCCTGGGGCCCGCACTCTCGCTCCGGGTCCG	miRNA	MIR1343	NC_010444.4	26066334-26066413	-	GCTTCGGTGCTGGGGAGCGGCCCCCGGGCGGGCCTCTGCTCTGGCCCCTCCTGGGGCCCGCACTCTCGCTCCGGGTCCG	1-80
MIR135	1	1	AGATAAATTCACTCTAGTGCTTTATGGCTTTTTATTCCTATGTGATAGTAATAAAGTCTCATGTAGGGATGGAAGCCATGAAATACATTGTGAAAAATCA	miRNA	MIR135-2	NC_010447.5	86141185-86141285	-	AGATAAATTCACTCTAGTGCTTTATGGCTTTTTATTCCTATGTGATAGTAATAAAGTCTCATGTAGGGATGGAAGCCATGAAATACATTGTGAAAAATCA	1-101
MIR135	2	1	AGGCCTCGCTGTTCTCTATGGCTTTTTATTCCTATGTGATTCTACTGCTCATTCATATAGGGATTGGAGCCGTGGCGCACGGCGGGGACA	miRNA	MIR135-1	NC_010455.5	34441079-34441169	-	AGGCCTCGCTGTTCTCTATGGCTTTTTATTCCTATGTGATTCTACTGCTCATTCATATAGGGATTGGAGCCGTGGCGCACGGCGGGGACA	1-91
MIR136	1	1	TGAGCCCTCGGAGGACTCCATTTGTTTTGATGATGGATTCTTACGCTCCATCATCGTCTCAAATGAGTCTTCAGAGGGTTCT	miRNA	MIR136	NC_010449.5	121711328-121711410	+	TGAGCCCTCGGAGGACTCCATTTGTTTTGATGATGGATTCTTACGCTCCATCATCGTCTCAAATGAGTCTTCAGAGGGTTCT	1-83
MIR137	1	1	ACTCTCTTCGGTGACGGGTATTCTTGGGTGGATAATACGGATTACGTTGTTATTGCTTAAGAATACGCGTAGTCGAGGAGAG	miRNA	MIR137	NC_010446.5	119793993-119794075	+	ACTCTCTTCGGTGACGGGTATTCTTGGGTGGATAATACGGATTACGTTGTTATTGCTTAAGAATACGCGTAGTCGAGGAGAG	1-83
MIR138	1	1	GCGGTGGGGCAGCTGGTGTTGTGAATCAGGCCGTTGCCAATCAGAGAACGGCTACTTCACAACACCAGGGTCACACCCCACCACA	miRNA	MIR138	NC_010455.5	27450130-27450215	+	GCGGTGGGGCAGCTGGTGTTGTGAATCAGGCCGTTGCCAATCAGAGAACGGCTACTTCACAACACCAGGGTCACACCCCACCACA	1-86
MIR139	1	1	GTGTATTCTACAGTGCACGTGTCTCCAGTGTGGCTCGGAGGCTGGAGACGCGGCCCTGTTGGAGTAAC	miRNA	MIR139	NC_010451.4	7175314-7175382	-	GTGTATTCTACAGTGCACGTGTCTCCAGTGTGGCTCGGAGGCTGGAGACGCGGCCCTGTTGGAGTAAC	1-69
MIR140	1	1	CCTGCCAGTGGTTTTACCCTATGGTAGGTTACGTCATGCTGTTCTACCACAGGGTAGAACCACGGACAGG	miRNA	MIR140	NC_010448.4	17077530-17077600	-	CCTGCCAGTGGTTTTACCCTATGGTAGGTTACGTCATGCTGTTCTACCACAGGGTAGAACCACGGACAGG	1-71
MIR142	1	1	GTGCAGTCACCCATAAAGTAGAAAGCACTACTAACAGCACTGGAGGGTGTAGTGTTTCCTACTTTATGGATGAGTGTACT	miRNA	MIR142	NC_010454.4	34609378-34609458	-	GTGCAGTCACCCATAAAGTAGAAAGCACTACTAACAGCACTGGAGGGTGTAGTGTTTCCTACTTTATGGATGAGTGTACT	1-81
MIR143	1	1	GTCCCCCAGCCGGAGGTGCAGTGCTGCATCTCTGGTCAGCTGGGAGTCTGAGATGAAGCACTGTAGCTCGGGAAGGGAGA	miRNA	MIR143	NC_010444.4	150578738-150578818	+	GTCCCCCAGCCGGAGGTGCAGTGCTGCATCTCTGGTCAGCTGGGAGTCTGAGATGAAGCACTGTAGCTCGGGAAGGGAGA	1-81
MIR144	1	1	GCCCTGGCTGGGATATCATCATATACTGTAAGTTTGCGATGAGACACTACAGTATAGATGATGTACTAGTCCGGGT	miRNA	MIR144	NC_010454.4	45088958-45089034	-	GCCCTGGCTGGGATATCATCATATACTGTAAGTTTGCGATGAGACACTACAGTATAGATGATGTACTAGTCCGGGT	1-77
MIR145	1	1	CACCTTGTCCTCACGGTCCAGTTTTCCCAGGAATCCCTTAGATGCTGAGATGGGGATTCCTGGAAATACTGTTCTTGAGGTCATGG	miRNA	MIR145	NC_010444.4	150580126-150580212	+	CACCTTGTCCTCACGGTCCAGTTTTCCCAGGAATCCCTTAGATGCTGAGATGGGGATTCCTGGAAATACTGTTCTTGAGGTCATGG	1-87
MIR1468	1	1	TGGGTGGTTTCTCCGTTTGCCTGTTTTGCTGACGTTCATTTGACTCATTCTCAGCAAAATAAGCAAATGGAAAATTCATCCAT	miRNA	MIR1468	NC_010461.5	50337088-50337171	-	TGGGTGGTTTCTCCGTTTGCCTGTTTTGCTGACGTTCATTTGACTCATTCTCAGCAAAATAAGCAAATGGAAAATTCATCCAT	1-84
MIR146A	1	1	TACTCAGCTTTGAGAACTGAATTCCATGGGTTGTGTCATTGTCAGACCTGTGAAGTTTAGTTCTTCAGCTGGGATATC	miRNA	MIR146A	NC_010458.4	63044261-63044339	-	TACTCAGCTTTGAGAACTGAATTCCATGGGTTGTGTCATTGTCAGACCTGTGAAGTTTAGTTCTTCAGCTGGGATATC	1-79
MIR146B	1	1	GAACTTTGGCCACCTGGCTCTGAGAACTGAATTCCATAGGCTGTGAGCTCTAGCAAATGCCCTAGGAACTCAGTTCTGGTGCCCGGCTGTGCTACAGTC	miRNA	MIR146B	NC_010456.5	113446854-113446953	+	GAACTTTGGCCACCTGGCTCTGAGAACTGAATTCCATAGGCTGTGAGCTCTAGCAAATGCCCTAGGAACTCAGTTCTGGTGCCCGGCTGTGCTACAGTC	1-100
MIR148A	1	1	GAGGCAAAGTTCTGAGACACTCCGACTCTGAATATGATAGAAGTCAGTGCACTACAGAACTTTGTCTC	miRNA	MIR148A	NC_010460.4	46415213-46415281	+	GAGGCAAAGTTCTGAGACACTCCGACTCTGAATATGATAGAAGTCAGTGCACTACAGAACTTTGTCTC	1-69
MIR148B	1	1	ATTTGAGGTGAAGTTCTGTTATACACTCAGGCTGTGGCTCTCTGAAAGTCAGTGCATCACAGAACTTTGTCTCGAAAGCT	miRNA	MIR148B	NC_010447.5	19530990-19531070	+	ATTTGAGGTGAAGTTCTGTTATACACTCAGGCTGTGGCTCTCTGAAAGTCAGTGCATCACAGAACTTTGTCTCGAAAGCT	1-81
MIR149	1	1	GCCCAGGCTCTGGCTCCGTGTCTTCACTCCCGTGTGTGTCCGAGGAGGGAGGGAGGGACGGGGGCTGTGCTGGGGC	miRNA	MIR149	NC_010457.5	139474769-139474845	+	GCCCAGGCTCTGGCTCCGTGTCTTCACTCCCGTGTGTGTCCGAGGAGGGAGGGAGGGACGGGGGCTGTGCTGGGGC	1-77
MIR150	1	1	CTCGGCCCTATCTCCCAACCCTTGTACCAGTGCGTGCCTCAGTCCCTGGTACAGGAATGGGGGGCAGGGACCTGGGG	miRNA	MIR150-1	NC_010448.4	54580912-54580989	-	CTCGGCCCTATCTCCCAACCCTTGTACCAGTGCGTGCCTCAGTCCCTGGTACAGGAATGGGGGGCAGGGACCTGGGG	1-78
MIR151	1	1	TTTTCCTGCCCTCGAGGAGCTCACAGTCTAGTACGTCTCATCCCCTACTAGACTGAAGCTCCTTGAGGACAGGGATCGTC	miRNA	MIR151	NC_010446.5	2849041-2849121	+	TTTTCCTGCCCTCGAGGAGCTCACAGTCTAGTACGTCTCATCCCCTACTAGACTGAAGCTCCTTGAGGACAGGGATCGTC	1-81
MIR152	1	1	CGGCCCAGGTTCTGTGATACACTCCGACTCGGGCTCTGGAGCAGTCAGTGCATGACAGAACTTGGGCCCGGACGGACCTT	miRNA	MIR152	NC_010454.4	24292249-24292329	-	CGGCCCAGGTTCTGTGATACACTCCGACTCGGGCTCTGGAGCAGTCAGTGCATGACAGAACTTGGGCCCGGACGGACCTT	1-81
MIR155	1	1	CTATATGCTGTTAATGCTAATTGTGATAGGGGTTTTTACCTCCGTCTGACTCCTACATGTTAGCATTAACAGGGTATGATG	miRNA	MIR155	NC_010455.5	189138822-189138903	+	CTATATGCTGTTAATGCTAATTGTGATAGGGGTTTTTACCTCCGTCTGACTCCTACATGTTAGCATTAACAGGGTATGATG	1-82
MIR15A	1	1	TTGGAGTAAAGTAGCAGCACATAATGGTTTGTGGATTTTGAAAAGGTGCAGGCCATATTGTGCTGCCTCAAAAATACAA	miRNA	MIR15A	NC_010453.5	17757463-17757542	+	TTGGAGTAAAGTAGCAGCACATAATGGTTTGTGGATTTTGAAAAGGTGCAGGCCATATTGTGCTGCCTCAAAAATACAA	1-80
MIR15B	1	1	TTGAGGCCTTAAAGTACTGTAGCAGCACATCATGGTTTACATACTACAATCAAGATGCGAATCATTATTTGCTGCTCTAGAAATTTAAGGAAATTCAT	miRNA	MIR15B	NC_010455.5	100083172-100083270	+	TTGAGGCCTTAAAGTACTGTAGCAGCACATCATGGTTTACATACTACAATCAAGATGCGAATCATTATTTGCTGCTCTAGAAATTTAAGGAAATTCAT	1-99
MIR16	1	1	CAGTGCCTTAGCAGCACGTAAATATTGGCGTTAAGATTCTAAAATTATCTCCAGTATTAACTGTGCTGCTGAAGTAAGG	miRNA	MIR16-2	NC_010453.5	17757606-17757685	+	CAGTGCCTTAGCAGCACGTAAATATTGGCGTTAAGATTCTAAAATTATCTCCAGTATTAACTGTGCTGCTGAAGTAAGG	1-80
MIR16	2	1	TCCGCTCTAGCAGCACGTAAATATTGGCGTAGTAAAATAAATATTAAACACCAATATTATTGTGCTGCTTTAGCGTG	miRNA	MIR16-1	NC_010455.5	100083329-100083406	+	TCCGCTCTAGCAGCACGTAAATATTGGCGTAGTAAAATAAATATTAAACACCAATATTATTGTGCTGCTTTAGCGTG	1-78
MIR17	1	1	GAATAATGTCAAAGTGCTTACAGTGCAGGTAGTGATAATGTGCATCTACTGCAGTGAAGGCACTTGTAGCATTATGG	miRNA	MIR17	NC_010453.5	60734656-60734733	+	GAATAATGTCAAAGTGCTTACAGTGCAGGTAGTGATAATGTGCATCTACTGCAGTGAAGGCACTTGTAGCATTATGG	1-78
MIR181A	1	1	ACTCCAAGGAACATTCAACGCTGTCGGTGAGTTTGGGATTTGAAAAAACCACCGACCGTTGACTGTACCTTGGGGTTCTT	miRNA	MIR181A-2	NC_010443.5	265497249-265497329	+	ACTCCAAGGAACATTCAACGCTGTCGGTGAGTTTGGGATTTGAAAAAACCACCGACCGTTGACTGTACCTTGGGGTTCTT	1-81
MIR181A	2	1	GAGTTTAGAGGTTGCTTCAGTGAACATTCAACGCTGTCGGTGAGTTTGGAATTCAAATCAAAACCATCGACCGTTGATTGTACCCTATGGCCAACCATCAGCTC	miRNA	MIR181A-1	NC_010452.4	21696653-21696757	-	GAGTTTAGAGGTTGCTTCAGTGAACATTCAACGCTGTCGGTGAGTTTGGAATTCAAATCAAAACCATCGACCGTTGATTGTACCCTATGGCCAACCATCAGCTC	1-105
MIR181B	1	1	ATGGCTGCACTCAACATTCATTGCTGTCGGTGGGTTTGAGTCTGAATCAACTCACTGATCAATGAATGCAAACTGCGGACCAAACA	miRNA	MIR181B-2	NC_010443.5	265499111-265499197	+	ATGGCTGCACTCAACATTCATTGCTGTCGGTGGGTTTGAGTCTGAATCAACTCACTGATCAATGAATGCAAACTGCGGACCAAACA	1-87
MIR181B	2	1	GGTCACAATCAACATTCATTGCTGTCGGTGGGTTGAACTGTGTAGACAAGCTCACTGAACAATGAATGCAACTGTGGCCC	miRNA	MIR181B-1	NC_010452.4	21696492-21696572	-	GGTCACAATCAACATTCATTGCTGTCGGTGGGTTGAACTGTGTAGACAAGCTCACTGAACAATGAATGCAACTGTGGCCC	1-81
MIR181C	1	1	CAAGGGTTTGGGGGAACATTCAACCTGTCGGTGAGTTTGGGCAGCTCAGGCAAACCATCGACCGTTGAGTGGACCCCGAGGCCTGGA	miRNA	MIR181C	NC_010444.4	65279950-65280037	-	CAAGGGTTTGGGGGAACATTCAACCTGTCGGTGAGTTTGGGCAGCTCAGGCAAACCATCGACCGTTGAGTGGACCCCGAGGCCTGGA	1-88
MIR181D	1	1	TCACAATCAACATTCATTGTTGTCGGTGGGTTGTGAGACGGAGGCCAGACCCACCGAGGGATGAATGTCACTGTGGCTGG	miRNA	MIR181D	NC_010444.4	65279773-65279853	-	TCACAATCAACATTCATTGTTGTCGGTGGGTTGTGAGACGGAGGCCAGACCCACCGAGGGATGAATGTCACTGTGGCTGG	1-81
MIR182	1	1	TCGCACCGTTTTTGGCAATGGTAGAACTCACACTGGTGAGATAATGGGATCCGGTGGTTCTAGACTTGCCAACTATGGTGCGAG	miRNA	MIR182	NC_010460.4	18986830-18986914	+	TCGCACCGTTTTTGGCAATGGTAGAACTCACACTGGTGAGATAATGGGATCCGGTGGTTCTAGACTTGCCAACTATGGTGCGAG	1-85
MIR183	1	1	CTGTGTATGGCACTGGTAGAATTCACTGTGAACAGTCTCGGTCAGTGAATTACCGAAGGGCCATAAACAG	miRNA	MIR183	NC_010460.4	18982269-18982339	+	CTGTGTATGGCACTGGTAGAATTCACTGTGAACAGTCTCGGTCAGTGAATTACCGAAGGGCCATAAACAG	1-71
MIR1839	1	1	CCTAAATGAAAAGGTAGATAGAACAGGTCTTGTTTGCAAGATGAATTCAAGACCTACTTTTCTACCAACAGCAATTACAC	miRNA	MIR1839	NC_010449.5	52196776-52196856	-	CCTAAATGAAAAGGTAGATAGAACAGGTCTTGTTTGCAAGATGAATTCAAGACCTACTTTTCTACCAACAGCAATTACAC	1-81
MIR184	1	1	CCAGTCACATCCCCTTATCACTTTTCCAGCCAGCTTTGTGACTCTAAATGTTGGACGGAGAACTGATAAGGGTAGGTGATTGA	miRNA	MIR184	NC_010449.5	48345017-48345100	+	CCAGTCACATCCCCTTATCACTTTTCCAGCCAGCTTTGTGACTCTAAATGTTGGACGGAGAACTGATAAGGGTAGGTGATTGA	1-84
MIR185	1	1	GGTGAGGGATTGGAGAGAAAGGCAGTTCCTGATGGTCCCCTCCCCAGGGGCTGGCTTTCCTCTGGTCCTTCCCTCC	miRNA	MIR185	NC_010456.5	51449903-51449979	+	GGTGAGGGATTGGAGAGAAAGGCAGTTCCTGATGGTCCCCTCCCCAGGGGCTGGCTTTCCTCTGGTCCTTCCCTCC	1-77
MIR186	1	1	TGCTTATAACTTTCCAAAGAATTCTCCTTTTGGGCTTTATGATTTTATTTTAAGCCCAAAGGTGAATTTTTTGGGAAGTTTG	miRNA	MIR186	NC_010448.4	141943328-141943410	+	TGCTTATAACTTTCCAAAGAATTCTCCTTTTGGGCTTTATGATTTTATTTTAAGCCCAAAGGTGAATTTTTTGGGAAGTTTG	1-83
MIR187	1	1	TGAGACCTCGGGCTACAACACGGGACTCGGGTGCTGCTCTGACCCCTCGTGTCTTGTGTTGCAGCCGGAGGGACGCAG	miRNA	MIR187	NC_010448.4	119674881-119674959	-	TGAGACCTCGGGCTACAACACGGGACTCGGGTGCTGCTCTGACCCCTCGTGTCTTGTGTTGCAGCCGGAGGGACGCAG	1-79
MIR18A	1	1	GTGCTTTTTGTTCTAAGGTGCATCTAGTGCAGATAGTGAAGTAGATTAGCATCTACTGCCCTAAGTGCTCCTTCTGGCATAAGAAGTTATGT	miRNA	MIR18A	NC_010453.5	60734791-60734883	+	GTGCTTTTTGTTCTAAGGTGCATCTAGTGCAGATAGTGAAGTAGATTAGCATCTACTGCCCTAAGTGCTCCTTCTGGCATAAGAAGTTATGT	1-93
MIR18B	1	1	TCTCTTGTGTTAAGGTGCATCTAGTGCAGTTAGTGAAGCAGCTTAGAATCTACTGCCCTAAATGCCCCTTCTGGCACAGGCTG	miRNA	MIR18B	NC_010461.5	110114224-110114307	-	TCTCTTGTGTTAAGGTGCATCTAGTGCAGTTAGTGAAGCAGCTTAGAATCTACTGCCCTAAATGCCCCTTCTGGCACAGGCTG	1-84
MIR190A	1	1	GGCCTCTGTGTGATATGTTTGATATATTAGGTTGTTATTTAATCCAACTATATATCAAACATATTCCTACAGTGTCTTGCCC	miRNA	MIR190A	NC_010443.5	109225385-109225467	-	GGCCTCTGTGTGATATGTTTGATATATTAGGTTGTTATTTAATCCAACTATATATCAAACATATTCCTACAGTGTCTTGCCC	1-83
MIR190B	1	1	TGCTTCTGTGTGATATGTTTGATATTGGGTTGTTTAATTAGGAACCAACTAAATGTCAAACATATTCTTACAGCAGTAGGCAA	miRNA	MIR190B	NC_010446.5	95540606-95540689	+	TGCTTCTGTGTGATATGTTTGATATTGGGTTGTTTAATTAGGAACCAACTAAATGTCAAACATATTCTTACAGCAGTAGGCAA	1-84
MIR191	1	1	ACAGCGGGCAACGGAATCCCAAAAGCAGCTGTTGTCTCCAGAGCATTCCAGCTGCACTTGGATTTCGTTCCCTGCTCTCT	miRNA	MIR191	NC_010455.5	31655484-31655564	-	ACAGCGGGCAACGGAATCCCAAAAGCAGCTGTTGTCTCCAGAGCATTCCAGCTGCACTTGGATTTCGTTCCCTGCTCTCT	1-81
MIR192	1	1	GCACAGGGCTCTGACCTATGAATTGACAGCCAGTGCTCTCATCTCCCCTCTGGCTGCCAATTCCATAGGTCACAGGTATG	miRNA	MIR192	NC_010444.4	7285667-7285747	+	GCACAGGGCTCTGACCTATGAATTGACAGCCAGTGCTCTCATCTCCCCTCTGGCTGCCAATTCCATAGGTCACAGGTATG	1-81
MIR193A	1	1	GCGGGAGCTGAGGGCTGGGTCTTTGCGGGCGAGATGAGGGTGTTGGTTCAACTGGCCTACAAAGTCCCAGTCCTCGGCCC	miRNA	MIR193A	NC_010454.4	43336969-43337049	-	GCGGGAGCTGAGGGCTGGGTCTTTGCGGGCGAGATGAGGGTGTTGGTTCAACTGGCCTACAAAGTCCCAGTCCTCGGCCC	1-81
MIR194A	1	1	TGCCACCCCCTGTAACAGCAACTCCATGTGGAAGTGCCCACTAGTTCCAGTGGGGCTGCTGTTATCTGGGGTGGGG	miRNA	MIR194A	NC_010444.4	7285466-7285542	+	TGCCACCCCCTGTAACAGCAACTCCATGTGGAAGTGCCCACTAGTTCCAGTGGGGCTGCTGTTATCTGGGGTGGGG	1-77
MIR194B	1	1	CGCCATCAGCTGTAACAGCGACTCCATGTGGACTGTGCCCCAATTTCCAGTGGAGATGCTGTTACCTTTGACGGCGAC	miRNA	MIR194B	NC_010452.4	9704910-9704988	-	CGCCATCAGCTGTAACAGCGACTCCATGTGGACTGTGCCCCAATTTCCAGTGGAGATGCTGTTACCTTTGACGGCGAC	1-79
MIR195	1	1	CAGCCCCCCTGGCTCTAGCAGCACAGAAATATTGGCACCGGGCGGAGAGTCTGCCAGTATTGGCTGTGCTGCCCCAGGCA	miRNA	MIR195	NC_010454.4	52422039-52422119	-	CAGCCCCCCTGGCTCTAGCAGCACAGAAATATTGGCACCGGGCGGAGAGTCTGCCAGTATTGGCTGTGCTGCCCCAGGCA	1-81
MIR196A	1	1	TTGCTCAGCTGATCTGTGGCTTAGGTAGTTTCATGTTGTTGGGATTGAGTTTTGAACTCGGCAACAAGAAACTGCCTGAGTTACATCAGTCGGTTATCGTCGAGGGC	miRNA	MIR196A-2	NC_010447.5	19204442-19204549	+	TTGCTCAGCTGATCTGTGGCTTAGGTAGTTTCATGTTGTTGGGATTGAGTTTTGAACTCGGCAACAAGAAACTGCCTGAGTTACATCAGTCGGTTATCGTCGAGGGC	1-108
MIR196A	2	1	CTGAGTGAATTAGGTAGTTTCATGTTGTTGGGCCTGGATTTCTGAACACAACGACATTAAACCACCCGACTCACGGCAGT	miRNA	MIR196A-1	NC_010454.4	24886316-24886396	-	CTGAGTGAATTAGGTAGTTTCATGTTGTTGGGCCTGGATTTCTGAACACAACGACATTAAACCACCCGACTCACGGCAGT	1-81
MIR199A	1	1	CCCCGCCAACCCAGTGTTCAGACTACCTGTTCAGGGGGCTCTGAATGTGTACAGTAGTCTGCACATTGGTTAGGCTGGGC	miRNA	MIR199A-2	NC_010444.4	69558051-69558131	-	CCCCGCCAACCCAGTGTTCAGACTACCTGTTCAGGGGGCTCTGAATGTGTACAGTAGTCTGCACATTGGTTAGGCTGGGC	1-81
MIR199A	2	1	TCCGTCGCCCCAGTGTTCAGACTACCTGTTCAGGACAATGCCGTTGTACAGTAGTCTGCACATTGGTTAGACTGGG	miRNA	MIR199A-1	NC_010451.4	114533783-114533859	-	TCCGTCGCCCCAGTGTTCAGACTACCTGTTCAGGACAATGCCGTTGTACAGTAGTCTGCACATTGGTTAGACTGGG	1-77
MIR199B	1	1	CCGTCTACCCAGTGTTTAGACTATCTGTTCAGGACTCCCAAATTGTACAGTAGTCTGCACATTGGTTAGGCTGG	miRNA	MIR199B	NC_010443.5	268691520-268691594	-	CCGTCTACCCAGTGTTTAGACTATCTGTTCAGGACTCCCAAATTGTACAGTAGTCTGCACATTGGTTAGGCTGG	1-75
MIR19A	1	1	GCAGTCCTCTGTTAGTTTTGCATAGTTGCACTACAAGAAGAATGTAGTTGTGCAAATCTATGCAAAACTGATGGTGGCCTGC	miRNA	MIR19A	NC_010453.5	60734939-60735021	+	GCAGTCCTCTGTTAGTTTTGCATAGTTGCACTACAAGAAGAATGTAGTTGTGCAAATCTATGCAAAACTGATGGTGGCCTGC	1-83
MIR19B	1	1	CTGTTCTATGGTTAGTTTTGCAGGTTTGCATCCAGCTGTGTGATATTCTGCTGTGCAAATCCATGCAAAACTGACTGTGG	miRNA	MIR19B-1	NC_010453.5	60735238-60735318	+	CTGTTCTATGGTTAGTTTTGCAGGTTTGCATCCAGCTGTGTGATATTCTGCTGTGCAAATCCATGCAAAACTGACTGTGG	1-81
MIR19B	2	1	TACAGTTAGTTTTGCAGGTTTGCATTTCAGCGTATGTATGTGTATATGGCTGTGCAAATCCATGCAAAACTGATTGTGAT	miRNA	MIR19B-2	NC_010461.5	110113855-110113935	-	TACAGTTAGTTTTGCAGGTTTGCATTTCAGCGTATGTATGTGTATATGGCTGTGCAAATCCATGCAAAACTGATTGTGAT	1-81
MIR202	1	1	CGCCGTTCCGCCTTCCTATGCATATACTTCTTTGAGGGTCTGGCCTGAAGAGGTGTAGGCATGGGAAACCGGGGCGACGA	miRNA	MIR202	NC_010456.5	141207134-141207214	-	CGCCGTTCCGCCTTCCTATGCATATACTTCTTTGAGGGTCTGGCCTGAAGAGGTGTAGGCATGGGAAACCGGGGCGACGA	1-81
MIR204	1	1	GGCTACAGTCCTTCTCATGTGACTCGTGGACTTCCCTTTGTCATCCTATGCCTGAGAATATATGAAGGAGGCTGGGAAGGCAAAGGGACGTTCAATTGTCATCACTGGC	miRNA	MIR204	NC_010443.5	224065494-224065603	-	GGCTACAGTCCTTCTCATGTGACTCGTGGACTTCCCTTTGTCATCCTATGCCTGAGAATATATGAAGGAGGCTGGGAAGGCAAAGGGACGTTCAATTGTCATCACTGGC	1-110
MIR205	1	1	CTCTTGTCCTTCATTCCACCGGAGTCTGTCTCATACCCAACCAGATTTCAGTGGAGTGAAGCTCAGGAG	miRNA	MIR205	NC_010451.4	133517078-133517147	-	CTCTTGTCCTTCATTCCACCGGAGTCTGTCTCATACCCAACCAGATTTCAGTGGAGTGAAGCTCAGGAG	1-70
MIR206	1	1	TTCCCGAGGCCACATGCTTCTTTATATCCCCATACGGATTACTTGACTATGGAATGTAAGGAAGTGTGTGATCTCGTTAA	miRNA	MIR206	NC_010449.5	45976293-45976373	+	TTCCCGAGGCCACATGCTTCTTTATATCCCCATACGGATTACTTGACTATGGAATGTAAGGAAGTGTGTGATCTCGTTAA	1-81
MIR208B	1	1	CTCTCAGGGAAGCTTTTTGCTCGCGTTATGTTTCTCATCCGAATATAAGACGAACAAAAGGTTTGTCTGAGGGCAGAGTG	miRNA	MIR208B	NC_010449.5	75667786-75667866	+	CTCTCAGGGAAGCTTTTTGCTCGCGTTATGTTTCTCATCCGAATATAAGACGAACAAAAGGTTTGTCTGAGGGCAGAGTG	1-81
MIR20A	1	1	GTAGCACTAAAGTGCTTATAGTGCAGGTAGTGTTTAGTTATCTACTGCATTATGAGCACTTAAAGTACTGC	miRNA	MIR20A	NC_010453.5	60735109-60735180	+	GTAGCACTAAAGTGCTTATAGTGCAGGTAGTGTTTAGTTATCTACTGCATTATGAGCACTTAAAGTACTGC	1-72
MIR20B	1	1	CCGGCAGTACCAAAGTGCTCACAGTGCAGGTAGGTTTTGCATTACTCTACTGTAGTGTGGGCACTTCCAGTACTCTTGGA	miRNA	MIR20B-1	NC_010461.5	110113980-110114060	-	CCGGCAGTACCAAAGTGCTCACAGTGCAGGTAGGTTTTGCATTACTCTACTGTAGTGTGGGCACTTCCAGTACTCTTGGA	1-81
MIR21	1	1	TGTACCACCTTGTCGGGTAGCTTATCAGACTGATGTTGACTGTTGAATCTCATGGCAACAGCAGTCGATGGGCTGTCTGACATTTTGGTATC	miRNA	MIR21	NC_010454.4	36065267-36065359	+	TGTACCACCTTGTCGGGTAGCTTATCAGACTGATGTTGACTGTTGAATCTCATGGCAACAGCAGTCGATGGGCTGTCTGACATTTTGGTATC	1-93
MIR210	1	1	GCGCAGGGCAGCCACTGCCCACCGCACACTGCGCTGCTCCGGACCCACTGTGCGTGTGACAGCGGCTGATCTGTCC	miRNA	MIR210	NC_010444.4	335271-335347	-	GCGCAGGGCAGCCACTGCCCACCGCACACTGCGCTGCTCCGGACCCACTGTGCGTGTGACAGCGGCTGATCTGTCC	1-77
MIR212	1	1	GCGCGCCGGCACCTTGGCTCTAGACTGCTTACTGCCCGGGCCGCCCTCAGTAACAGTCTCCAGTCACGGCCACCGACGCCTG	miRNA	MIR212	NC_010454.4	48163054-48163136	-	GCGCGCCGGCACCTTGGCTCTAGACTGCTTACTGCCCGGGCCGCCCTCAGTAACAGTCTCCAGTCACGGCCACCGACGCCTG	1-83
MIR214	1	1	GGCCTGGCTGGACGGAGTTGTCATGTGTCTGCCTGTCTACACTTGCTGTGCAGAACATCCGCTCACCTGTACAGCAGGCACAGACAGGCAGTCACATGACAACCCAGCCT	miRNA	MIR214	NC_010451.4	114527992-114528102	-	GGCCTGGCTGGACGGAGTTGTCATGTGTCTGCCTGTCTACACTTGCTGTGCAGAACATCCGCTCACCTGTACAGCAGGCACAGACAGGCAGTCACATGACAACCCAGCCT	1-111
MIR215	1	1	AGAGATGGTGTACAGGAAAATGACCTATGAATTGACAGACAATGTGGCTAAATCTGTCTGTCATTTCTGTAGGCCAATATTCTGTATATCTCTGCT	miRNA	MIR215	NC_010452.4	9704606-9704702	-	AGAGATGGTGTACAGGAAAATGACCTATGAATTGACAGACAATGTGGCTAAATCTGTCTGTCATTTCTGTAGGCCAATATTCTGTATATCTCTGCT	1-97
MIR216	1	1	GATGGCTGTGAGTTGGCTTAATCTCAGCTGGCAACTGTGAGATGTTCATACAATCCCCCACAGTGGTCTCTGGGATTATGCTAAACAGAGCAATTTCCTTGCCCT	miRNA	MIR216-1	NC_010445.4	85334523-85334628	+	GATGGCTGTGAGTTGGCTTAATCTCAGCTGGCAACTGTGAGATGTTCATACAATCCCCCACAGTGGTCTCTGGGATTATGCTAAACAGAGCAATTTCCTTGCCCT	1-106
MIR217	1	1	ATAATTATTACAGAGTTTTTGATGTCGCAGATACTGCATCAGGAACTGATTGGATAAGAATTGGTCACCATCAGTTCTTAATGCATTGCCTTCAGCATCTAAACAAG	miRNA	MIR217-1	NC_010445.4	85341255-85341362	+	ATAATTATTACAGAGTTTTTGATGTCGCAGATACTGCATCAGGAACTGATTGGATAAGAATTGGTCACCATCAGTTCTTAATGCATTGCCTTCAGCATCTAAACAAG	1-108
MIR218	1	1	AGATTTTCTGTTGTGCTTGATCTAACCATGTGGTTGCCAGGTATGAGTAAAACATGGTTCTGTCAAGCACCATGGAACGTCACG	miRNA	MIR218-1	NC_010450.4	15047602-15047686	+	AGATTTTCTGTTGTGCTTGATCTAACCATGTGGTTGCCAGGTATGAGTAAAACATGGTTCTGTCAAGCACCATGGAACGTCACG	1-85
MIR218B	1	1	GGGCTTTCCTTTGTGCTTGATCTAACCATGTGGTGGAACGATGGAAACGGAACATGGTTCTGTCAAGCACCGCGGAAAGCTCCG	miRNA	MIR218B	NC_010458.4	55115926-55116010	+	GGGCTTTCCTTTGTGCTTGATCTAACCATGTGGTGGAACGATGGAAACGGAACATGGTTCTGTCAAGCACCGCGGAAAGCTCCG	1-85
MIR219A	1	1	CCGCGGCTCTTGATTGTCCAAACGCAATTCTCGAGTCTATAGCTCTGGCCGAGAGTTGAGTCTGGACGTCCCGAGCCGTCGCC	miRNA	MIR219A	NC_010449.5	25250839-25250922	+	CCGCGGCTCTTGATTGTCCAAACGCAATTCTCGAGTCTATAGCTCTGGCCGAGAGTTGAGTCTGGACGTCCCGAGCCGTCGCC	1-84
MIR219B	1	1	GGCTTCGCCACTGATTGTCCAAACGCAATTCTTGTACGAGTCTGCGGCCAACCGAGAATTGTGGCTGGACATCTGTGGCTGAGC	miRNA	MIR219B	NC_010443.5	268816967-268817051	-	GGCTTCGCCACTGATTGTCCAAACGCAATTCTTGTACGAGTCTGCGGCCAACCGAGAATTGTGGCTGGACATCTGTGGCTGAGC	1-85
MIR221	1	1	TGAACCTGGCATACAATGTAGATTTCTGTGTTTGTTGGGCAACAGCTACATTGTCTGCTGGGTTTCAGGC	miRNA	MIR221	NC_010461.5	40571068-40571138	-	TGAACCTGGCATACAATGTAGATTTCTGTGTTTGTTGGGCAACAGCTACATTGTCTGCTGGGTTTCAGGC	1-71
MIR222	1	1	TGCCCTCAATGGCTCAGTAGCCAGTGTAGATCCTGTCATTTGTAATCAGTAGCTACATCTGGCTACTGGGTCTCTGATGG	miRNA	MIR222	NC_010461.5	40571808-40571888	-	TGCCCTCAATGGCTCAGTAGCCAGTGTAGATCCTGTCATTTGTAATCAGTAGCTACATCTGGCTACTGGGTCTCTGATGG	1-81
MIR224	1	1	GGGCTTTCAAGTCACTAGTGGTTCCGTTTAGTAGAAGGTTTTGCATTGTTTCAAAATGGTGCCCTAGTGACTACAAAGCCC	miRNA	MIR224	NC_010461.5	123283427-123283508	-	GGGCTTTCAAGTCACTAGTGGTTCCGTTTAGTAGAAGGTTTTGCATTGTTTCAAAATGGTGCCCTAGTGACTACAAAGCCC	1-82
MIR2320	1	1	GCTGTCCCCATGGCACAGGGTCCAGCTGTCGGCTGTAATACCCGATGGGTCGATGATGGTCCCTGTGTTTGGGGCGAGCAC	miRNA	MIR2320	NC_010448.4	65301242-65301323	-	GCTGTCCCCATGGCACAGGGTCCAGCTGTCGGCTGTAATACCCGATGGGTCGATGATGGTCCCTGTGTTTGGGGCGAGCAC	1-82
MIR2366	1	1	GCCCTGGCCCCAGGGTCCTCTTGTCTGAGCCCCAGAAAGAGGAGAGAGCGCTGGGTCACAGAAGAGGGTCTGGGGGACAGGTT	miRNA	MIR2366-1	NC_010443.5	127928791-127928874	-	GCCCTGGCCCCAGGGTCCTCTTGTCTGAGCCCCAGAAAGAGGAGAGAGCGCTGGGTCACAGAAGAGGGTCTGGGGGACAGGTT	1-84
MIR23A	1	1	CGGCTGGGGTTCCTGGGGATGGGATTTGCTGCCTGTCACAAATCACATTGCCAGGGATTTCCAATCGACC	miRNA	MIR23A	NC_010444.4	65308117-65308187	+	CGGCTGGGGTTCCTGGGGATGGGATTTGCTGCCTGTCACAAATCACATTGCCAGGGATTTCCAATCGACC	1-71
MIR23B	1	1	CTCTGGCTGCTTGGGTTCCTGGCATGCTGATTTGTGACTTAAGATTAAAATCACATTGCCAGGGATTACCACGCAGCCAC	miRNA	MIR23B	NC_010452.4	27080197-27080277	-	CTCTGGCTGCTTGGGTTCCTGGCATGCTGATTTGTGACTTAAGATTAAAATCACATTGCCAGGGATTACCACGCAGCCAC	1-81
MIR24	1	1	CTCTGCCTCCCGTGCCTACTGAGCTGAAACACAGTTGATTTGTGCAGACTGGCTCAGTTCAGCAGGAACAGG	miRNA	MIR24-1	NC_010444.4	65308453-65308525	+	CTCTGCCTCCCGTGCCTACTGAGCTGAAACACAGTTGATTTGTGCAGACTGGCTCAGTTCAGCAGGAACAGG	1-73
MIR24	2	1	GACCCGCCCTCCGGTGCCTACTGAGCTGATATCAGTTCTCATTTTACACACTGGCTCAGTTCAGCAGGAACAGGAGTCGA	miRNA	MIR24-2	NC_010452.4	27079417-27079497	-	GACCCGCCCTCCGGTGCCTACTGAGCTGATATCAGTTCTCATTTTACACACTGGCTCAGTTCAGCAGGAACAGGAGTCGA	1-81
MIR2411	1	1	AGAGGCAATGTGGAGTGACTGTCAGATGCAGCCATCAGAATAGGTGATTTGGCTGAACTGTCATACTCCCACATCCTCCACCA	miRNA	MIR2411	NC_010446.5	95486782-95486865	-	AGAGGCAATGTGGAGTGACTGTCAGATGCAGCCATCAGAATAGGTGATTTGGCTGAACTGTCATACTCCCACATCCTCCACCA	1-84
MIR2483	1	1	TGAAAAGTTCCGTCAACCATCCAGCTGTTTGGGGTGATGCAAACAAACATCTGGTTGGTTGAGAGAATTTTTTACT	miRNA	MIR2483	NC_010461.5	102636089-102636165	-	TGAAAAGTTCCGTCAACCATCCAGCTGTTTGGGGTGATGCAAACAAACATCTGGTTGGTTGAGAGAATTTTTTACT	1-77
MIR26A	1	1	GGCTGTGGCTGGATTCAAGTAATCCAGGATAGGCTGTTTCCATCTGTGAGGCCTATTCTTGATTACTTGTTTCTGGAGGCAGCT	miRNA	MIR26A	NC_010447.5	23112744-23112828	-	GGCTGTGGCTGGATTCAAGTAATCCAGGATAGGCTGTTTCCATCTGTGAGGCCTATTCTTGATTACTTGTTTCTGGAGGCAGCT	1-85
MIR27A	1	1	TGGCCTGGGGAGCAGGGCTTAGCTGCTTGTGAGCAGGTCCACAGCAAGTCGTGTTCACAGTGGCTAAGTTCCGCCCCCTGGA	miRNA	MIR27A	NC_010444.4	65308294-65308376	+	TGGCCTGGGGAGCAGGGCTTAGCTGCTTGTGAGCAGGTCCACAGCAAGTCGTGTTCACAGTGGCTAAGTTCCGCCCCCTGGA	1-83
MIR27B	1	1	ACGAGGTGCAGAGCTTAGCTGATTGGTGAACAGTGACTGGTTTCCGCTTTGTTCACAGTGGCTAAGTTCTGCACCTGAAG	miRNA	MIR27B	NC_010452.4	27079963-27080043	-	ACGAGGTGCAGAGCTTAGCTGATTGGTGAACAGTGACTGGTTTCCGCTTTGTTCACAGTGGCTAAGTTCTGCACCTGAAG	1-81
MIR28	1	1	GGTCCTTGCCCTCAAGGAGCTCACAGTCTATTGAGTTGCCTTTCTGTCTTCCCCACTAGATTGTGAGCTCCTGGAGGGCAGGCACT	miRNA	MIR28	NC_010455.5	126282167-126282253	+	GGTCCTTGCCCTCAAGGAGCTCACAGTCTATTGAGTTGCCTTTCTGTCTTCCCCACTAGATTGTGAGCTCCTGGAGGGCAGGCACT	1-87
MIR296	1	1	GACCCTTCCGGAGGGCCCCCCCCAATCCTGTTGTGCTGGATTCAGAGGGTTGGGCGGAGGCTTTCCTGAAGGCTCTG	miRNA	MIR296	NC_010459.5	58970316-58970393	-	GACCCTTCCGGAGGGCCCCCCCCAATCCTGTTGTGCTGGATTCAGAGGGTTGGGCGGAGGCTTTCCTGAAGGCTCTG	1-78
MIR29A	1	1	CCCCTTAGAGGATGACTGATTTCTTTTGGTGTTCAGAGTCAATATAATTTTCTAGCACCATCTGAAATCGGTTATAATGATTGGGG	miRNA	MIR29A	NC_010460.4	18040032-18040118	+	CCCCTTAGAGGATGACTGATTTCTTTTGGTGTTCAGAGTCAATATAATTTTCTAGCACCATCTGAAATCGGTTATAATGATTGGGG	1-87
MIR29B	1	1	CTTCTGGAAGCTGGTTTCACATGGTGGCTTAGATTTTTCCATCTTTGTATCTAGCACCATTTGAAATCAGTGTTTTAGGAGTAA	miRNA	MIR29B-2	NC_010451.4	135019079-135019163	+	CTTCTGGAAGCTGGTTTCACATGGTGGCTTAGATTTTTCCATCTTTGTATCTAGCACCATTTGAAATCAGTGTTTTAGGAGTAA	1-85
MIR29B	2	1	CTTCAGGAAGCTGGTTTCATATGGTGGTTTAGATTTAAAAAGTGATTGTCTAGCACCATTTGAAATCAGTGTTCTTGGGGG	miRNA	MIR29B-1	NC_010460.4	18039629-18039710	+	CTTCAGGAAGCTGGTTTCATATGGTGGTTTAGATTTAAAAAGTGATTGTCTAGCACCATTTGAAATCAGTGTTCTTGGGGG	1-82
MIR29C	1	1	ATCTCTTACACAGGCTGACCGATTTCTCCTGGTGTTCAGAGTCTGTTTTTGTCTAGCACCATTTGAAATCGGTTATGATGTAGGGGGA	miRNA	MIR29C	NC_010451.4	135019638-135019726	+	ATCTCTTACACAGGCTGACCGATTTCTCCTGGTGTTCAGAGTCTGTTTTTGTCTAGCACCATTTGAAATCGGTTATGATGTAGGGGGA	1-89
MIR30A	1	1	TCCCTGCGACAGTGAGCGGCTGTAAACATCCTCGACTGGAAGCTGTGAGGCTGAAGACGGGCTTTCAGTCGGATGTTTGCAGCCGCCGACTGCCTCCCGCATCAGGA	miRNA	MIR30A	NC_010443.5	51412827-51412934	-	TCCCTGCGACAGTGAGCGGCTGTAAACATCCTCGACTGGAAGCTGTGAGGCTGAAGACGGGCTTTCAGTCGGATGTTTGCAGCCGCCGACTGCCTCCCGCATCAGGA	1-108
MIR30B	1	1	TTTCAGTTCGTGTAAACATCCTACACTCAGCTGTAATACATGGATTGGCTGGGAGGTGGATGTTTACTTCAGCTGA	miRNA	MIR30B	NC_010446.5	6952794-6952870	+	TTTCAGTTCGTGTAAACATCCTACACTCAGCTGTAATACATGGATTGGCTGGGAGGTGGATGTTTACTTCAGCTGA	1-77
MIR30C	1	1	GACAGATACTGTAAACATCCTACACTCTCAGCTGTGGAAAGTAAGAAAGCTGGGAGAAGGCTGTTTACTCTCTCTGCCTT	miRNA	MIR30C-2	NC_010443.5	51383782-51383862	-	GACAGATACTGTAAACATCCTACACTCTCAGCTGTGGAAAGTAAGAAAGCTGGGAGAAGGCTGTTTACTCTCTCTGCCTT	1-81
MIR30C	2	1	CGTAGTGCGTGTAAACATCCTACACTCTCAGCTGTGAGCTCGAGGTGGCTGGGAGAGGGTTGTTTACTCCTTCTGCCATG	miRNA	MIR30C-1	NC_010448.4	170426781-170426861	-	CGTAGTGCGTGTAAACATCCTACACTCTCAGCTGTGAGCTCGAGGTGGCTGGGAGAGGGTTGTTTACTCCTTCTGCCATG	1-81
MIR30D	1	1	CTGTTGTTGTAAACATCCCCGACTGGAAGCTGTAAGACATAGCTAAGCTTTCAGTCAGATGTTTGCTGCCACCGACTCT	miRNA	MIR30D	NC_010446.5	6948669-6948748	+	CTGTTGTTGTAAACATCCCCGACTGGAAGCTGTAAGACATAGCTAAGCTTTCAGTCAGATGTTTGCTGCCACCGACTCT	1-80
MIR30E	1	1	TTTGCCACTGTAAACATCCTTGACTGGAAGCTGTGAGGCGTTCCCAGGAGCTTTCAGTCGGATGTTTACAGCGGCAGGCT	miRNA	MIR30E	NC_010448.4	170429841-170429921	-	TTTGCCACTGTAAACATCCTTGACTGGAAGCTGTGAGGCGTTCCCAGGAGCTTTCAGTCGGATGTTTACAGCGGCAGGCT	1-81
MIR31	1	1	ACTGGAGAGGAGGCAAGATGCTGGCATAGCTGTTAAACTGAGAACCTGCTATGCCAACATATTGCCATCTTTCTTGTC	miRNA	MIR31	NC_010443.5	201198732-201198810	+	ACTGGAGAGGAGGCAAGATGCTGGCATAGCTGTTAAACTGAGAACCTGCTATGCCAACATATTGCCATCTTTCTTGTC	1-79
MIR32	1	1	GGAGATATTGCACATTACTAAGTTGCATGTTGTCACGGCCTCAGTGCAATTTAGTGTGTGTGATATTTTC	miRNA	MIR32	NC_010443.5	250115904-250115974	-	GGAGATATTGCACATTACTAAGTTGCATGTTGTCACGGCCTCAGTGCAATTTAGTGTGTGTGATATTTTC	1-71
MIR320	1	1	GCTCCCCTCCGCCTTCTCTTCCCGGTTCTTCCCGGAGTCGGGAAAAGCTGGGTTGAGAGGGCGAAAAAGGAAGAGGGGAC	miRNA	MIR320	NC_010456.5	6520901-6520981	-	GCTCCCCTCCGCCTTCTCTTCCCGGTTCTTCCCGGAGTCGGGAAAAGCTGGGTTGAGAGGGCGAAAAAGGAAGAGGGGAC	1-81
MIR324	1	1	CTATGCCTCCCCGCATCCCCTAGGGCATTGGTGTGAAGCTGGAGACCCACTGCCCCAGGTGCTGCTGGGGGTTGTAGTCT	miRNA	MIR324	NC_010454.4	52579596-52579676	-	CTATGCCTCCCCGCATCCCCTAGGGCATTGGTGTGAAGCTGGAGACCCACTGCCCCAGGTGCTGCTGGGGGTTGTAGTCT	1-81
MIR325	1	1	AGTGCTTGGTTCCTAGTAGGTGTTCAGTAAGTGTTTGTGACATAATTCGTTTATTGAGCACCTCCTATCAATCAAGCACTGTGCTAGGTTCTGG	miRNA	MIR325	NC_010461.5	61213842-61213936	-	AGTGCTTGGTTCCTAGTAGGTGTTCAGTAAGTGTTTGTGACATAATTCGTTTATTGAGCACCTCCTATCAATCAAGCACTGTGCTAGGTTCTGG	1-95
MIR326	1	1	TCTGTCTGTTGGGCTGGAGGCAGGGCCTTTGTGCAGGCGGGTTGTGCTCAGATCGCCTCTGGGCCCTTCCTCCAGCCCAGAGGCGGATTCA	miRNA	MIR326	NC_010451.4	9581944-9582035	-	TCTGTCTGTTGGGCTGGAGGCAGGGCCTTTGTGCAGGCGGGTTGTGCTCAGATCGCCTCTGGGCCCTTCCTCCAGCCCAGAGGCGGATTCA	1-92
MIR328	1	1	GGAGCGGGGGGGCAGGAGGGGCTCAGGGAGAAAGTGTGTGCCGCCCCTGGCCCTCTCTGCCCTTCCGTCCCCCGTTCCTG	miRNA	MIR328	NC_010448.4	27844701-27844781	-	GGAGCGGGGGGGCAGGAGGGGCTCAGGGAGAAAGTGTGTGCCGCCCCTGGCCCTCTCTGCCCTTCCGTCCCCCGTTCCTG	1-81
MIR331	1	1	TTGTTTGGGTTTGTTCTAGGTATGGTCCCAGGGATCCCAGATCAAACCAGGCCCCTGGGCCTATCCTAGAACCAACCTAA	miRNA	MIR331	NC_010447.5	88028339-88028419	-	TTGTTTGGGTTTGTTCTAGGTATGGTCCCAGGGATCCCAGATCAAACCAGGCCCCTGGGCCTATCCTAGAACCAACCTAA	1-81
MIR335	1	1	CTTTTGGGCGGGGGTCAAGAGCAATAACGAAAAATGTTTGTCATAAACCGTTTTTCATTATTGCTCCTGACCTCCTCTCA	miRNA	MIR335	NC_010460.4	18341580-18341660	-	CTTTTGGGCGGGGGTCAAGAGCAATAACGAAAAATGTTTGTCATAAACCGTTTTTCATTATTGCTCCTGACCTCCTCTCA	1-81
MIR338	1	1	CCGTCCTCCCCAACAATATCCTGGTGCTGAGTGATGACACACGCAACTCCAGCATCAGTGATTTTGTTGAAGAGGGCAG	miRNA	MIR338	NC_010454.4	1601437-1601516	+	CCGTCCTCCCCAACAATATCCTGGTGCTGAGTGATGACACACGCAACTCCAGCATCAGTGATTTTGTTGAAGAGGGCAG	1-80
MIR339	1	1	TAAGACAAGGTCCCTGTCCTCCAGGAGCTCATGGTCCAATAGAAGCATATATACAAATGGCTCTGAGGGGAGATCCCGCTGTGGCT	miRNA	MIR339-2	NC_010443.5	164025972-164026058	-	TAAGACAAGGTCCCTGTCCTCCAGGAGCTCATGGTCCAATAGAAGCATATATACAAATGGCTCTGAGGGGAGATCCCGCTGTGGCT	1-87
MIR339	2	1	GCAGCCGCCGTCCCTGTCCTCCAGGAGCTCACTTACCTTGGGCCGTGAGCTCCTCGAGGCCAGAGCCCGTGTCTGCCTCT	miRNA	MIR339-1	NC_010445.4	666918-666998	-	GCAGCCGCCGTCCCTGTCCTCCAGGAGCTCACTTACCTTGGGCCGTGAGCTCCTCGAGGCCAGAGCCCGTGTCTGCCTCT	1-81
MIR342	1	1	AAGGTGAGGGTGCTATCTGTGACTGAGGGACATGGCGCATAGAACTGTCTCACACAGAAATCGCACCCGTCACCTTGGCC	miRNA	MIR342	NC_010449.5	121021761-121021841	+	AAGGTGAGGGTGCTATCTGTGACTGAGGGACATGGCGCATAGAACTGTCTCACACAGAAATCGCACCCGTCACCTTGGCC	1-81
MIR345	1	1	AACCCAGGTCTGCTGACTCCTAGTCCAGTGCTTGTGATGGCTGGTGGGCCCTGAACTAGGGGTCTGGAGGCCTGGGTTTG	miRNA	MIR345-1	NC_010449.5	121193720-121193800	+	AACCCAGGTCTGCTGACTCCTAGTCCAGTGCTTGTGATGGCTGGTGGGCCCTGAACTAGGGGTCTGGAGGCCTGGGTTTG	1-81
MIR34C	1	1	AGTCTAGTTACTAGGCAGTGTAGTTAGCTGATTGCTGATAAAACCAATCACTAACCACACGGCCAGGTAAAAAGATTTGG	miRNA	MIR34C-1	NC_010451.4	39280278-39280358	+	AGTCTAGTTACTAGGCAGTGTAGTTAGCTGATTGCTGATAAAACCAATCACTAACCACACGGCCAGGTAAAAAGATTTGG	1-81
MIR361	1	1	GGAGCTTATCAGAATCTCCAGGGGTACTTATAATTTGAAAAAGTCCCCCAGGTGTGATTCTGATTTGCTTCCTCCTCCTC	miRNA	MIR361	NC_010461.5	68924500-68924580	-	GGAGCTTATCAGAATCTCCAGGGGTACTTATAATTTGAAAAAGTCCCCCAGGTGTGATTCTGATTTGCTTCCTCCTCCTC	1-81
MIR362	1	1	CCCCCTCTCAAATCCTTGGAACCTAGGTGTGAGTGCTGCTCTAGTGCAACACACCTATTCAAGGATTCAAAGAGGCTGA	miRNA	MIR362	NC_010461.5	43711726-43711805	+	CCCCCTCTCAAATCCTTGGAACCTAGGTGTGAGTGCTGCTCTAGTGCAACACACCTATTCAAGGATTCAAAGAGGCTGA	1-80
MIR363	1	1	GCTGTTGTCGGGTGGATCACGATGCAATTTTGATTAGTATCATAGGAGAAAAATTGCACGGTATCCATCTGTAAACCGCA	miRNA	MIR363-1	NC_010461.5	110113552-110113632	-	GCTGTTGTCGGGTGGATCACGATGCAATTTTGATTAGTATCATAGGAGAAAAATTGCACGGTATCCATCTGTAAACCGCA	1-81
MIR365	1	1	CGCAGGGAAAATGAGGGACTTTTGGGGGCAGATGTGTTTCCATTCCACTATCATAATGCCCCTAAAAATCCTTATTGCTC	miRNA	MIR365-1	NC_010445.4	28908137-28908217	-	CGCAGGGAAAATGAGGGACTTTTGGGGGCAGATGTGTTTCCATTCCACTATCATAATGCCCCTAAAAATCCTTATTGCTC	1-81
MIR365	2	1	AAAAATGAGGGACTTTCAGGGGCAGCTGTGTTTTCTGACTCAGTCATAATGCCCCTAAAAATCCTTATTGTTCTTGCAGT	miRNA	MIR365-2	NC_010454.4	43324725-43324805	-	AAAAATGAGGGACTTTCAGGGGCAGCTGTGTTTTCTGACTCAGTCATAATGCCCCTAAAAATCCTTATTGTTCTTGCAGT	1-81
MIR371	1	1	AGCCTGTGGTACTCAAACTGTGGGGGCACTTTCTGGTCTAGGGAGGGAAGTGCCGCCATTTTTTGAGTGTTACCGATT	miRNA	MIR371	NC_010448.4	56427208-56427286	-	AGCCTGTGGTACTCAAACTGTGGGGGCACTTTCTGGTCTAGGGAGGGAAGTGCCGCCATTTTTTGAGTGTTACCGATT	1-79
MIR374A	1	1	CATCGGCCATTATAATACAACCTGATAAGTGTTACAGCACTTATCAGGTTGTATTGTAATTGTCTGTGTATATATATGCC	miRNA	MIR374A	NC_010461.5	59602875-59602955	-	CATCGGCCATTATAATACAACCTGATAAGTGTTACAGCACTTATCAGGTTGTATTGTAATTGTCTGTGTATATATATGCC	1-81
MIR374B	1	1	TCGGATGGATATAATACAACCTGCTAAGTGTCCTAGCACTTATCAGGTTGTATTATCATTGTCCGTGTCTATGGCTCTCG	miRNA	MIR374B	NC_010461.5	59551146-59551226	-	TCGGATGGATATAATACAACCTGCTAAGTGTCCTAGCACTTATCAGGTTGTATTATCATTGTCCGTGTCTATGGCTCTCG	1-81
MIR376A	1	1	GGTATTTAAAAGGTAGATTCTCCTTCTATGAGTACATTATTTATTATTAATCATAGAGGAAAATCCACGTTTTCAGTATC	miRNA	MIR376A	NW_018084979.1	46331-46411	+	GGTATTTAAAAGGTAGATTCTCCTTCTATGAGTACATTATTTATTATTAATCATAGAGGAAAATCCACGTTTTCAGTATC	1-81
MIR376C	1	1	TATTTAAAAGGTGGATATTCCTTCTATGTTTATGTTATTTGTGGTTAAACATAGAGGAAATTCCACGTTTTCAGTATC	miRNA	MIR376C	NW_018084979.1	45235-45313	+	TATTTAAAAGGTGGATATTCCTTCTATGTTTATGTTATTTGTGGTTAAACATAGAGGAAATTCCACGTTTTCAGTATC	1-79
MIR378	1	1	CCACCCAGGGCTCCTGACTCCAGGTCCTGTGTGTTGCCTGGAAATAGCACTGGACTTGGAGTCAGAAGGCCTGCGTGGAG	miRNA	MIR378-1	NC_010444.4	150825865-150825945	+	CCACCCAGGGCTCCTGACTCCAGGTCCTGTGTGTTGCCTGGAAATAGCACTGGACTTGGAGTCAGAAGGCCTGCGTGGAG	1-81
MIR378	2	1	GTGGGCCTCCTGAAGGCAGGCAGAACCATTGGGTGAAAAGAGCACTGGACTTGGAGTCAGAAGGCCCG	miRNA	MIR378-2	NC_010454.4	36947443-36947511	+	GTGGGCCTCCTGAAGGCAGGCAGAACCATTGGGTGAAAAGAGCACTGGACTTGGAGTCAGAAGGCCCG	1-69
MIR378B	1	1	TTGAGCTACATTTGCTTGCGTTCTCTAAGTGTCTGGCTGAAAACGCACTGGACTTGGAGTCAGAAGTTGAGGTTCCT	miRNA	MIR378B	NC_010443.5	254135495-254135572	-	TTGAGCTACATTTGCTTGCGTTCTCTAAGTGTCTGGCTGAAAACGCACTGGACTTGGAGTCAGAAGTTGAGGTTCCT	1-78
MIR381	1	1	TGGTACTTAAAGCGAGGTTGCCCTTTGTATATTCGGGTTTTGAGGTGGAATATACAAGGACAAGCTCTCTGTGAGTATCAAA	miRNA	MIR381	NW_018084979.1	50024-50106	+	TGGTACTTAAAGCGAGGTTGCCCTTTGTATATTCGGGTTTTGAGGTGGAATATACAAGGACAAGCTCTCTGTGAGTATCAAA	1-83
MIR383	1	1	CCTGCTCCTCAGATCAGAAGGTGATTGTGGCTTTGGGTAGATATTAATCAGCCACAGCACTGCCTGGTCAGAAAGAGCAAGT	miRNA	MIR383	NC_010459.5	2698041-2698123	-	CCTGCTCCTCAGATCAGAAGGTGATTGTGGCTTTGGGTAGATATTAATCAGCCACAGCACTGCCTGGTCAGAAAGAGCAAGT	1-83
MIR421	1	1	ACATTGTAGGCCTCATTAAATGTTTGTTGAATGAAAAAATGAATCATCAACAGACATTAATTGGGCGCCTGCTCTGTG	miRNA	MIR421	NC_010461.5	59550992-59551070	-	ACATTGTAGGCCTCATTAAATGTTTGTTGAATGAAAAAATGAATCATCAACAGACATTAATTGGGCGCCTGCTCTGTG	1-79
MIR423	1	1	AAGTTAGGCTGAGGGGCAGAGAGCGAGACTTTTCTATTTTCCAAAAGCTCGGTCTGAGGCCCCTCAGTCTTGCTTCCTAC	miRNA	MIR423	NC_010454.4	46211525-46211605	+	AAGTTAGGCTGAGGGGCAGAGAGCGAGACTTTTCTATTTTCCAAAAGCTCGGTCTGAGGCCCCTCAGTCTTGCTTCCTAC	1-81
MIR425	1	1	AAGTGCTTTGGAATGACACGATCACTCCCGTTGAGTGGGCACCCAAGTAGCCATCGGGAATGTCGTGTCCGCCCAGTGCT	miRNA	MIR425	NC_010455.5	31654994-31655074	-	AAGTGCTTTGGAATGACACGATCACTCCCGTTGAGTGGGCACCCAAGTAGCCATCGGGAATGTCGTGTCCGCCCAGTGCT	1-81
MIR429	1	1	GCCGCCGATGGGTGTCTTACCAGGCACGGTTAGATCTGGTTCTTCTGTCTAATACTGTCTGGTAATGCCGTCCATTCCCGG	miRNA	MIR429	NC_010448.4	63491921-63492002	+	GCCGCCGATGGGTGTCTTACCAGGCACGGTTAGATCTGGTTCTTCTGTCTAATACTGTCTGGTAATGCCGTCCATTCCCGG	1-82
MIR432	1	1	TCCAGGTCTTGGAGTAGGTCATTGGGTGGATCCTTTATTTCCCTATGTGGGCCACTGGATGGCTCCTCCATGGCTTGGAG	miRNA	MIR432	NC_010449.5	121711137-121711217	+	TCCAGGTCTTGGAGTAGGTCATTGGGTGGATCCTTTATTTCCCTATGTGGGCCACTGGATGGCTCCTCCATGGCTTGGAG	1-81
MIR4331	1	1	CCATGAGCTATGGCGTAGATCACAGACACAGCTCAGATCTGGCATTGCTGTGGCTGTGGTGTAGGCCAGCAGCTTTGCTC	miRNA	MIR4331	NC_010448.4	65468483-65468563	-	CCATGAGCTATGGCGTAGATCACAGACACAGCTCAGATCTGGCATTGCTGTGGCTGTGGTGTAGGCCAGCAGCTTTGCTC	1-81
MIR4334	1	1	CTGTGCTGAGCCCTGGAGTGACGGGGGTGAAAGGGCAGAGTCCCTGTCCTCCAGGAGCTCCCCATGTGG	miRNA	MIR4334	NC_010457.5	121399612-121399681	+	CTGTGCTGAGCCCTGGAGTGACGGGGGTGAAAGGGCAGAGTCCCTGTCCTCCAGGAGCTCCCCATGTGG	1-70
MIR4335	1	1	CCTCTTCCAGCCCCACGTTGGGCGCCACTCTGCTGTGCCCAGCGCTGCAGGGCAATAGGGAAGC	miRNA	MIR4335	NC_010451.4	9982302-9982366	-	CCTCTTCCAGCCCCACGTTGGGCGCCACTCTGCTGTGCCCAGCGCTGCAGGGCAATAGGGAAGC	1-65
MIR4337	1	1	GGCACTAGACAGGGTATATAAGCCTTCACTGGTTAAATCAACATACAGTGAAGGCTTATATATCTTGTCTAGTGCCCA	miRNA	MIR4337	NC_010460.4	15160804-15160882	-	GGCACTAGACAGGGTATATAAGCCTTCACTGGTTAAATCAACATACAGTGAAGGCTTATATATCTTGTCTAGTGCCCA	1-79
MIR4338	1	1	ATCTCTCGAGATGTTCAGTCTCAGTGGGAACCGTGTGTAAGTCTTGTTCCCATTGAGACTGAGCATCTCAAGGGATCA	miRNA	MIR4338	NC_010448.4	169655019-169655097	+	ATCTCTCGAGATGTTCAGTCTCAGTGGGAACCGTGTGTAAGTCTTGTTCCCATTGAGACTGAGCATCTCAAGGGATCA	1-79
MIR450A	1	1	GTCTGTCAAAGAAAGATGCTAAACTGGTTTTGCGATGTGTTCCTAATATGCAGTATAAATATATTGGGAGCATTTTGCATGCATGGTTTTGTATCACTATACAGAT	miRNA	MIR450A	NC_010461.5	110381746-110381852	-	GTCTGTCAAAGAAAGATGCTAAACTGGTTTTGCGATGTGTTCCTAATATGCAGTATAAATATATTGGGAGCATTTTGCATGCATGGTTTTGTATCACTATACAGAT	1-107
MIR450B	1	1	AAAATTATTTTTGCAATATGTTCCTGAATATGTAATATAAGTATATTGGGAACATTTTGCATCCATAGTTTTGTATCGAT	miRNA	MIR450B	NC_010461.5	110381587-110381667	-	AAAATTATTTTTGCAATATGTTCCTGAATATGTAATATAAGTATATTGGGAACATTTTGCATCCATAGTTTTGTATCGAT	1-81
MIR450C	1	1	GGCACTAAACTATTTTTGCGATGTGTTCCTAATACGTAATCTAAGTGTATTGGGAACATTTTGCATTCGTAGTTTTGTGTC	miRNA	MIR450C	NC_010461.5	110381891-110381972	-	GGCACTAAACTATTTTTGCGATGTGTTCCTAATACGTAATCTAAGTGTATTGGGAACATTTTGCATTCGTAGTTTTGTGTC	1-82
MIR451	1	1	GGGGGTGGCGAGCAAACCGTTACCATTACTGAGTTTAGTAATGGTAACGGTTCTCTTGCTGCACC	miRNA	MIR451	NC_010454.4	45088808-45088873	-	GGGGGTGGCGAGCAAACCGTTACCATTACTGAGTTTAGTAATGGTAACGGTTCTCTTGCTGCACC	1-66
MIR452	1	1	AAGCACTTACAACTGTTTGCAGAGGAAACTGAGACTTTGTAACTACATCTCAGTCTCAACTGCAAAGAAGTAAGTGCTTA	miRNA	MIR452	NC_010461.5	123284480-123284560	-	AAGCACTTACAACTGTTTGCAGAGGAAACTGAGACTTTGTAACTACATCTCAGTCTCAACTGCAAAGAAGTAAGTGCTTA	1-81
MIR455	1	1	TGGCGTGAGGGTATGTGCCTTTGGACTACATCGTGGAAGCCAGCACCATGCAGTCCATGGGCATATACACTTGCCTCAAG	miRNA	MIR455	NC_010443.5	254824200-254824280	+	TGGCGTGAGGGTATGTGCCTTTGGACTACATCGTGGAAGCCAGCACCATGCAGTCCATGGGCATATACACTTGCCTCAAG	1-81
MIR486	1	1	GCTGGGGCTTCAGGGCCAGCTCGGACCTCTGACCTCCCTGACGGGTCCTGTACTGAGCTGCCCCGAGGCCCTCACTGTGC	miRNA	MIR486-1	NC_010459.5	10758855-10758935	-	GCTGGGGCTTCAGGGCCAGCTCGGACCTCTGACCTCCCTGACGGGTCCTGTACTGAGCTGCCCCGAGGCCCTCACTGTGC	1-81
MIR489	1	1	TGGCAGCTTGGTGGTCGTATGTGTGGCGCCATCTACTTGAGCGGTTAGGAGTGACATCACATATACGGCGGCTAAACTGCT	miRNA	MIR489	NC_010451.4	73330690-73330771	-	TGGCAGCTTGGTGGTCGTATGTGTGGCGCCATCTACTTGAGCGGTTAGGAGTGACATCACATATACGGCGGCTAAACTGCT	1-82
MIR490	1	1	TTGTTCGACACCATGGATCCCCAGGTGGGTCACGTTTCAAGATACACCAACCTGGAGGACTCCATGCTGTTGAGCTGTT	miRNA	MIR490-1	NC_010460.4	12568196-12568275	-	TTGTTCGACACCATGGATCCCCAGGTGGGTCACGTTTCAAGATACACCAACCTGGAGGACTCCATGCTGTTGAGCTGTT	1-80
MIR491	1	1	TTAGCTGGGTAGTGGGGAACCCTTCCATGAGGAGTAGAACACTCCTTATGCAAGATTCCCTTCTACCTGACTGGGT	miRNA	MIR491	NC_010443.5	202227251-202227327	-	TTAGCTGGGTAGTGGGGAACCCTTCCATGAGGAGTAGAACACTCCTTATGCAAGATTCCCTTCTACCTGACTGGGT	1-77
MIR493	1	1	CCCCAGGGCCTTGTACATGGTAGGCTTTCATTCATTCGTTTGCACATGCGGTGAAGGTCTACTGTGTGCCAGGCCCTGTGCCA	miRNA	MIR493	NC_010449.5	121697837-121697920	+	CCCCAGGGCCTTGTACATGGTAGGCTTTCATTCATTCGTTTGCACATGCGGTGAAGGTCTACTGTGTGCCAGGCCCTGTGCCA	1-84
MIR497	1	1	CCCGCCCCAGCAGCACACTGTGGTTTGTACGGCACTGTGGCCACGTCCAAACCACACTGTGGTGTTAGAGCGAGGGTGGG	miRNA	MIR497	NC_010454.4	52422329-52422409	-	CCCGCCCCAGCAGCACACTGTGGTTTGTACGGCACTGTGGCCACGTCCAAACCACACTGTGGTGTTAGAGCGAGGGTGGG	1-81
MIR499	1	1	TGGGCGGGCGGCCGTTAAGACTTGCAGTGATGTTTAACTCCTCTCCACGTGAACATCACAGCAAGTCTGTGCTGCTTCCC	miRNA	MIR499	NC_010459.5	38374118-38374198	+	TGGGCGGGCGGCCGTTAAGACTTGCAGTGATGTTTAACTCCTCTCCACGTGAACATCACAGCAAGTCTGTGCTGCTTCCC	1-81
MIR500	1	1	CCCCTCTCTAATCCTTGCTACCTGGGTGAGAGTGCTGTGTGAATGCAATGCACCTGGGCAAGGATTCTGAGAGTGAGAGC	miRNA	MIR500	NC_010461.5	43711254-43711334	+	CCCCTCTCTAATCCTTGCTACCTGGGTGAGAGTGCTGTGTGAATGCAATGCACCTGGGCAAGGATTCTGAGAGTGAGAGC	1-81
MIR504	1	1	GCTGTTGGGAGACCCTGGTCTGCACTCTATCTGTATGCTTACTGAAGGGAGCGCAGGGCAGGGTTTCCCACACAGAGGGC	miRNA	MIR504	NC_010461.5	113495281-113495361	-	GCTGTTGGGAGACCCTGGTCTGCACTCTATCTGTATGCTTACTGAAGGGAGCGCAGGGCAGGGTTTCCCACACAGAGGGC	1-81
MIR505	1	1	GCACTCAGTGGGGGAGCCAGGAAGTATTGATGTTTCTGCCAGGTTAGCGTCAACACTTGCTGGTTTCCTCTCTGGAGCAT	miRNA	MIR505	NC_010461.5	114563942-114564022	-	GCACTCAGTGGGGGAGCCAGGAAGTATTGATGTTTCTGCCAGGTTAGCGTCAACACTTGCTGGTTTCCTCTCTGGAGCAT	1-81
MIR532	1	1	TTGCTTTCTCTCTTACATGCCTTGAGTGTAGGACCGTTGGCATCTGAATACCCTCCCACACCCAAGGCTTGCAGGAGGGC	miRNA	MIR532	NC_010461.5	43705258-43705338	+	TTGCTTTCTCTCTTACATGCCTTGAGTGTAGGACCGTTGGCATCTGAATACCCTCCCACACCCAAGGCTTGCAGGAGGGC	1-81
MIR542	1	1	CCTCAGACGTCTCGGGGATCATCATGTCACGAGAGACCACTGTGCACTTGTGACAGATTGATAACTGAAAGGTCTGGGAG	miRNA	MIR542	NC_010461.5	110382597-110382677	-	CCTCAGACGTCTCGGGGATCATCATGTCACGAGAGACCACTGTGCACTTGTGACAGATTGATAACTGAAAGGTCTGGGAG	1-81
MIR545	1	1	TTAGTAGGCCTCAGTAAATGTTTATTGGATGAATAAATGAATGACTCATCAACAAACATTTATTGTGTGCCTGCTAACG	miRNA	MIR545	NC_010461.5	59602710-59602789	-	TTAGTAGGCCTCAGTAAATGTTTATTGGATGAATAAATGAATGACTCATCAACAAACATTTATTGTGTGCCTGCTAACG	1-80
MIR551A	1	1	TGGTGACCCTGGAAATCCAGAGCGGGTGAGGCCTGTCTGACTGTTTCTAGGCGACCCACTCTTGGTTTCCATGGTTGCCC	miRNA	MIR551A	NC_010448.4	65111382-65111462	-	TGGTGACCCTGGAAATCCAGAGCGGGTGAGGCCTGTCTGACTGTTTCTAGGCGACCCACTCTTGGTTTCCATGGTTGCCC	1-81
MIR574	1	1	TGGGTGCGGGCGTGTGAGTGTGTGTGTGTGAGTGTGTGTCGCTCCGGGTCCACGCTCATGCACACACCCACACGCCCGCA	miRNA	MIR574	NC_010450.4	30192280-30192360	+	TGGGTGCGGGCGTGTGAGTGTGTGTGTGTGAGTGTGTGTCGCTCCGGGTCCACGCTCATGCACACACCCACACGCCCGCA	1-81
MIR582	1	1	CTCTTTGGTTACAGTTGTTCAACCAGTTACTAATCTAACTAACTGTAACCGGTTGAACAACTGAACCCAAAGGGTGC	miRNA	MIR582	NC_010458.4	38580344-38580421	-	CTCTTTGGTTACAGTTGTTCAACCAGTTACTAATCTAACTAACTGTAACCGGTTGAACAACTGAACCCAAAGGGTGC	1-78
MIR615	1	1	GGGAGGGGCGGGAGGGGGCTCCCCGGTGCTCGGATCTCGAGGGTGCTTATTGTTCGGTCCGAGCCTGGGTCTCCCTCTCCCCCCCACC	miRNA	MIR615	NC_010447.5	19246763-19246851	+	GGGAGGGGCGGGAGGGGGCTCCCCGGTGCTCGGATCTCGAGGGTGCTTATTGTTCGGTCCGAGCCTGGGTCTCCCTCTCCCCCCCACC	1-89
MIR628	1	1	GTGTCACTTCCTCATGCTGACATATTTACTAGAGGGTAAAGTTAACAACCTTCTAGTAAGAGTGGCAGTCGAAGGGAAGG	miRNA	MIR628	NC_010443.5	116476859-116476939	+	GTGTCACTTCCTCATGCTGACATATTTACTAGAGGGTAAAGTTAACAACCTTCTAGTAAGAGTGGCAGTCGAAGGGAAGG	1-81
MIR652	1	1	TATGCACTGCACAACCCTAGGAGAGGGTGCCATTCACATAGACTATAATTGAATGGCGCCACTAGGGTTGTGCAGTGCACAAC	miRNA	MIR652	NC_010461.5	90166525-90166608	+	TATGCACTGCACAACCCTAGGAGAGGGTGCCATTCACATAGACTATAATTGAATGGCGCCACTAGGGTTGTGCAGTGCACAAC	1-84
MIR664	1	1	GAACATTGAAACAGGCTAGGAGAAGTGATTGGATAGAAAATGGTATTCTATTCATTTATCTCCCAGCCTACAAAAAGAAA	miRNA	MIR664	NC_010452.4	9777071-9777151	-	GAACATTGAAACAGGCTAGGAGAAGTGATTGGATAGAAAATGGTATTCTATTCATTTATCTCCCAGCCTACAAAAAGAAA	1-81
MIR671	1	1	CAGGAAGAGGAGGAAGCCCTGGAGGGGCTGGAGGTGATGGATGTTTTCCTCCGGTTCTCAGGGCTCCACCTTTTCCGGGC	miRNA	MIR671	NC_010460.4	5989378-5989458	-	CAGGAAGAGGAGGAAGCCCTGGAGGGGCTGGAGGTGATGGATGTTTTCCTCCGGTTCTCAGGGCTCCACCTTTTCCGGGC	1-81
MIR676	1	1	AACGCGTGACTCTTCAATCTCAGGACTCGCATAATTAGCAGAATGCCGTCCTAAGGTTGTTGAGTTCTGCGTTTCTGGGC	miRNA	MIR676-1	NC_010461.5	56083372-56083452	+	AACGCGTGACTCTTCAATCTCAGGACTCGCATAATTAGCAGAATGCCGTCCTAAGGTTGTTGAGTTCTGCGTTTCTGGGC	1-81
MIR6782	1	1	CCTGCGGGTGGTGTGGGGGAAGGCAGGGGTGCGGCCTCCAGCCTGACCTCTGGTCTCCCGCCCTGCTGCCTTCGG	miRNA	MIR6782	NW_018085108.1	40305-40380	+	CCTGCGGGTGGTGTGGGGGAAGGCAGGGGTGCGGCCTCCAGCCTGACCTCTGGTCTCCCGCCCTGCTGCCTTCGG	1-76
MIR7	1	1	CAGCCCCATCTGGAAGACTAGTGATTTTGTTGTTGTCTCACTGCGCTCAACAACAAGTCCCAGTCTGCCGCATGGTGCCGGCCA	miRNA	MIR7-1	NC_010443.5	191218565-191218649	-	CAGCCCCATCTGGAAGACTAGTGATTTTGTTGTTGTCTCACTGCGCTCAACAACAAGTCCCAGTCTGCCGCATGGTGCCGGCCA	1-85
MIR7	2	1	TGGATGTTGGTCTAGTTCTGTGTGGAAGACTAGTGATTTTGTTGTTTTTAGATAACTAAATCGACAACAAATCACAGTCTGCCATATGGCACAGGCCATGCCTCTACAG	miRNA	MIR7-2	NC_010452.4	30986180-30986289	+	TGGATGTTGGTCTAGTTCTGTGTGGAAGACTAGTGATTTTGTTGTTTTTAGATAACTAAATCGACAACAAATCACAGTCTGCCATATGGCACAGGCCATGCCTCTACAG	1-110
MIR708	1	1	CCCTCAAGGAGCTTACAATCTAGCTGGGGGTGAATGACTTGCACATGAACGCAACTAGACTGTGAGCTTCTAGAGGGCAG	miRNA	MIR708	NC_010451.4	13780171-13780251	-	CCCTCAAGGAGCTTACAATCTAGCTGGGGGTGAATGACTTGCACATGAACGCAACTAGACTGTGAGCTTCTAGAGGGCAG	1-81
MIR7134	1	1	ATGTCCGCGGGTTCCCTATCCCGGGTTGGTTGAGTTCGCGGATGCGGAACCTGCGGATACGG	miRNA	MIR7134	NC_010447.5	8161126-8161188	-	ATGTCCGCGGGTTCCCTATCCCGGGTTGGTTGAGTTCGCGGATGCGGAACCTGCGGATACGG	1-63
MIR7135	1	1	TCTCTGAGACACTGACTGTGGGGGTATGTGTGTGTCCATCTGTCTGTGTCTCTGAGCAG	miRNA	MIR7135	NC_010445.4	28371952-28372011	-	TCTCTGAGACACTGACTGTGGGGGTATGTGTGTGTCCATCTGTCTGTGTCTCTGAGCAG	1-60
MIR7136	1	1	TCTGGTCCAGACACTGTGGAGCTGAAGAGACCAACACTTCTCAGTGTTTGAACCAGAAGC	miRNA	MIR7136	NC_010449.5	8135209-8135269	-	TCTGGTCCAGACACTGTGGAGCTGAAGAGACCAACACTTCTCAGTGTTTGAACCAGAAGC	1-61
MIR7137	1	1	CGGGGGAACTCCCAGACCAGCTTCCACTCCCTTCAAGAAGCTGGTCTGGGAGTTCCCGGG	miRNA	MIR7137	NC_010445.4	10968297-10968357	+	CGGGGGAACTCCCAGACCAGCTTCCACTCCCTTCAAGAAGCTGGTCTGGGAGTTCCCGGG	1-61
MIR7138	1	1	TCCCAGCAAGTGTCCATCCATCTCTGTGTCCATAAGAGAGGACTGGCCTTGCAGGGTGC	miRNA	MIR7138	NC_010444.4	80850216-80850275	-	TCCCAGCAAGTGTCCATCCATCTCTGTGTCCATAAGAGAGGACTGGCCTTGCAGGGTGC	1-60
MIR7139	1	1	CCATTCCTTCGTCTGTGCACTAGAAAAATAACAGTACCTAGGGCACAGGATGGGATGAGG	miRNA	MIR7139	NC_010447.5	104132132-104132192	+	CCATTCCTTCGTCTGTGCACTAGAAAAATAACAGTACCTAGGGCACAGGATGGGATGAGG	1-61
MIR7140	1	1	CAACTCAAGGGGGCATCATTCACTTCATAGTCTCTGTGAATGATGCCCCTTAGAGTTGAGC	miRNA	MIR7140	NC_010459.5	35209986-35210047	-	CAACTCAAGGGGGCATCATTCACTTCATAGTCTCTGTGAATGATGCCCCTTAGAGTTGAGC	1-62
MIR7141	1	1	GACGGTTTGGACGTTAAGAACAATTCATATATTTTATTATATGAATCCTTCTTAACGTCCAAACCGTTCC	miRNA	MIR7141	NC_010457.5	136990091-136990161	+	GACGGTTTGGACGTTAAGAACAATTCATATATTTTATTATATGAATCCTTCTTAACGTCCAAACCGTTCC	1-71
MIR7142	1	1	ACTCTCCGAGGGGCCTTCAAGGGCAAGTTCTTGTCACCTTTGTTGGCTCCTCTGAAGTGA	miRNA	MIR7142	NC_010444.4	8204941-8205001	-	ACTCTCCGAGGGGCCTTCAAGGGCAAGTTCTTGTCACCTTTGTTGGCTCCTCTGAAGTGA	1-61
MIR7143	1	1	AAGCTCAGCTCTGAAGTGCAGAGGCTGTTTGCACTTCCTCTGCACTTGAAGCTGAGACTGA	miRNA	MIR7143	NC_010451.4	27306221-27306282	+	AAGCTCAGCTCTGAAGTGCAGAGGCTGTTTGCACTTCCTCTGCACTTGAAGCTGAGACTGA	1-62
MIR7144	1	1	ACTTTCCCGGGATTTGGAGCGCTTCCGCACGCGCTCCTTGTCCCGAGACCGCGA	miRNA	MIR7144	NC_010453.5	74266991-74267045	+	ACTTTCCCGGGATTTGGAGCGCTTCCGCACGCGCTCCTTGTCCCGAGACCGCGA	1-55
MIR744	1	1	GCAGGGTGCGGGGCTAGGGCTAACAGCAGTCTTACTGAAGGTTTCCTGGAAACCACGCACATGCTGTTGCCACTAACCTC	miRNA	MIR744	NC_010454.4	56464848-56464928	+	GCAGGGTGCGGGGCTAGGGCTAACAGCAGTCTTACTGAAGGTTTCCTGGAAACCACGCACATGCTGTTGCCACTAACCTC	1-81
MIR769	1	1	TGCGCTCTGACCTGAGACCTCTGGGTTCTGAGCTGTGATGTTGCTTCCAAGCTGGGATCTCTGGGGTCTTGGTTCAGGGT	miRNA	MIR769	NC_010448.4	52318329-52318409	+	TGCGCTCTGACCTGAGACCTCTGGGTTCTGAGCTGTGATGTTGCTTCCAAGCTGGGATCTCTGGGGTCTTGGTTCAGGGT	1-81
MIR7857	1	1	CTATTGAAGCATAGCCAGTTTGGGAAGAATGCTGTTACCCTCAAGGAAGAAACTGGATTGTTCTCCAACCTGGCTCTTTAGTTACCAG	miRNA	MIR7857	NC_010449.5	21459700-21459788	+	CTATTGAAGCATAGCCAGTTTGGGAAGAATGCTGTTACCCTCAAGGAAGAAACTGGATTGTTCTCCAACCTGGCTCTTTAGTTACCAG	1-89
MIR874	1	1	TGGTGTTAGCCCTGCGGCCCCACGCACCAGGGTAAGAGAGACTCTCGCTTCCTGCCCTGGCCCGAGGGACCGACTGGCTGGGCC	miRNA	MIR874	NC_010444.4	139660118-139660202	-	TGGTGTTAGCCCTGCGGCCCCACGCACCAGGGTAAGAGAGACTCTCGCTTCCTGCCCTGGCCCGAGGGACCGACTGGCTGGGCC	1-85
MIR885	1	1	CACTCGGCCCGCGCTCTCTCCATTACACTACCCTGCCTCTTCTCCACGAGAGGCAGCGGGGTGTAGTGGATAGAGCACGG	miRNA	MIR885	NC_010455.5	66597531-66597611	-	CACTCGGCCCGCGCTCTCTCCATTACACTACCCTGCCTCTTCTCCACGAGAGGCAGCGGGGTGTAGTGGATAGAGCACGG	1-81
MIR9	1	1	GGAAGCGAGTTGTTATCTTTGGTTATCTAGCTGTATGAGTGTATTGGTCTTCATAAAGCTAGATAACCGAAAGTAAAAACTCCTTCA	miRNA	MIR9-2	NC_010444.4	96076352-96076439	-	GGAAGCGAGTTGTTATCTTTGGTTATCTAGCTGTATGAGTGTATTGGTCTTCATAAAGCTAGATAACCGAAAGTAAAAACTCCTTCA	1-88
MIR9	2	1	CGGGGTTGGTTGTTATCTTTGGTTATCTAGCTGTATGAGTGGTGTGGAGTCTTCATAAAGCTAGATAACCGAAAGTAAAAATAACCCCA	miRNA	MIR9-1	NC_010446.5	93660422-93660511	+	CGGGGTTGGTTGTTATCTTTGGTTATCTAGCTGTATGAGTGGTGTGGAGTCTTCATAAAGCTAGATAACCGAAAGTAAAAATAACCCCA	1-90
MIR9	3	1	CCCGTTTCTCTCTTTGGTTATCTAGCTGTATGAGTGCCACAGAGCCGTCATAAAGCTAGATAACCGAAAGTAGAAATGACT	miRNA	MIR9-3	NC_010449.5	54948452-54948533	+	CCCGTTTCTCTCTTTGGTTATCTAGCTGTATGAGTGCCACAGAGCCGTCATAAAGCTAGATAACCGAAAGTAGAAATGACT	1-82
MIR92A	1	1	CTTTCTACACAGGTTGGGATCGGTTGCAATGCTGTGTTTCTGTATGGTATTGCACTTGTCCCGGCCTGTTGAGTTTGGTG	miRNA	MIR92A-1	NC_010453.5	60735358-60735438	+	CTTTCTACACAGGTTGGGATCGGTTGCAATGCTGTGTTTCTGTATGGTATTGCACTTGTCCCGGCCTGTTGAGTTTGGTG	1-81
MIR92A	2	1	CTTTCATCCGTGGGTGGGGATTTGTTGCATTACTTGTGGTGTGTATAAAGTATTGCACTTGTCCCGGCCTGTGGAAGAAA	miRNA	MIR92A-2	NC_010461.5	110113717-110113797	-	CTTTCATCCGTGGGTGGGGATTTGTTGCATTACTTGTGGTGTGTATAAAGTATTGCACTTGTCCCGGCCTGTGGAAGAAA	1-81
MIR92B	1	1	GCGGGCGGGAGGGACGGGACGCGGTGCAGTGTTGTTCTTTCCCCTGCCAATATTGCACTCGTCCCGGCCTCCGGCCCCCC	miRNA	MIR92B	NC_010446.5	94624285-94624365	-	GCGGGCGGGAGGGACGGGACGCGGTGCAGTGTTGTTCTTTCCCCTGCCAATATTGCACTCGTCCCGGCCTCCGGCCCCCC	1-81
MIR935	1	1	GGCGCAGGCGGCAGTGGCGGGAGCGGCCCCTCGGCCATCCTCCGTCTGCCCAGTTACCGCTTCCGCTACCGCCGCCGCTC	miRNA	MIR935	NC_010448.4	56157660-56157740	-	GGCGCAGGCGGCAGTGGCGGGAGCGGCCCCTCGGCCATCCTCCGTCTGCCCAGTTACCGCTTCCGCTACCGCCGCCGCTC	1-81
MIR95	1	1	AACACAGTGGGCGCTCAATAAATGTTTGTTGAATTGAGATGCGTTAAATTCAACGGGTATTTATTGAGCACCCACTCTGTG	miRNA	MIR95	NC_010450.4	3030934-3031015	+	AACACAGTGGGCGCTCAATAAATGTTTGTTGAATTGAGATGCGTTAAATTCAACGGGTATTTATTGAGCACCCACTCTGTG	1-82
MIR96	1	1	CTGGGCCGATTTTGGCACTAGCACATTTTTGCTTGTGTCTCTCCGCTCTGAGCAATTATGTGCAGTGCCAATATGGGAAAGCAGG	miRNA	MIR96	NC_010460.4	18982506-18982591	+	CTGGGCCGATTTTGGCACTAGCACATTTTTGCTTGTGTCTCTCCGCTCTGAGCAATTATGTGCAGTGCCAATATGGGAAAGCAGG	1-86
MIR9785	1	1	CTCAGAGTTCACCCTCATCCTGGTGTCCGGCACCACTGTACAAACTTGCTGCCCACCTGGGTGAGAAGGACTCTGTGT	miRNA	MIR9785	NW_018085131.1	24651-24729	-	CTCAGAGTTCACCCTCATCCTGGTGTCCGGCACCACTGTACAAACTTGCTGCCCACCTGGGTGAGAAGGACTCTGTGT	1-79
MIR9786	1	1	CGCGCATCTAGGGCACCCTAAGAGTTTAGGATGTAGACAGGCAGGGATAGGAAGTGTAAGAATTCTAGGTCGGAGGGTCATCATGAGC	miRNA	MIR9786-1	NC_010461.5	34632177-34632265	+	CGCGCATCTAGGGCACCCTAAGAGTTTAGGATGTAGACAGGCAGGGATAGGAAGTGTAAGAATTCTAGGTCGGAGGGTCATCATGAGC	1-89
MIR9787	1	1	AAATTTCAGCGTTATCATTACGGTTTTGTTGTCTTCATCACTATTAAGGTTAGAAAACTTCAGAGAAAGAGATCGTTGGGTGCTGGAAATG	miRNA	MIR9787	NC_010443.5	10700366-10700457	-	AAATTTCAGCGTTATCATTACGGTTTTGTTGTCTTCATCACTATTAAGGTTAGAAAACTTCAGAGAAAGAGATCGTTGGGTGCTGGAAATG	1-92
MIR9788	1	2	AGGGGGAGGTGGACCCCACCCAGGTAGGTGCGGCCCCTTCGTTCTACCCCCGGAGCCCACAGGGGTAGAGGAGAGGCTACCACCACCACGCCTGTGCC	miRNA	MIR9788-1	NC_010454.4	20172377-20172475	-	AGGGGGAGGTGGACCCCACCCAGGTAGGTGCGGCCCCTTCGTTCTACCCCCGGAGCCCACAGGGGTAGAGGAGAGGCTACCACCACCACGCCTGTGCC	1-99
MIR9788	1	2	AGGGGGAGGTGGACCCCACCCAGGTAGGTGCGGCCCCTTCGTTCTACCCCCGGAGCCCACAGGGGTAGAGGAGAGGCTACCACCACCACGCCTGTGCC	miRNA	MIR9788-2	NC_010454.4	20215473-20215571	-	AGGGGGAGGTGGACCCCACCCAGGTAGGTGCGGCCCCTTCGTTCTACCCCCGGAGCCCACAGGGGTAGAGGAGAGGCTACCACCACCACGCCTGTGCC	1-99
MIR9789	1	1	GGAAATTTCTGTTGGAAATTTAAGATGGAATGGCAACCTGATTAGTCATTCTAAGTTTAGCTTCCTTCAGATTATTTTA	miRNA	MIR9789	NC_010445.4	81769739-81769818	+	GGAAATTTCTGTTGGAAATTTAAGATGGAATGGCAACCTGATTAGTCATTCTAAGTTTAGCTTCCTTCAGATTATTTTA	1-80
MIR9790	1	1	TGGCTTCTCTGGATAGTTCTCACTCTCACGCCCCTGACTACTGCTTCTAAAATCCAAAGTGGACAAAGAATGAGGTCGGACACTGCACAGACCT	miRNA	MIR9790	NC_010447.5	12028518-12028612	+	TGGCTTCTCTGGATAGTTCTCACTCTCACGCCCCTGACTACTGCTTCTAAAATCCAAAGTGGACAAAGAATGAGGTCGGACACTGCACAGACCT	1-95
MIR9792	1	1	AAGCTGTGCTCAAGTGGAAAGATCGTAGGGCTAGGACTCTTTATTCTTTATGTAAGGAGTCTCCTTGGTCTATCTCACTCTTTGTCTCGGTTTC	miRNA	MIR9792	NC_010450.4	110922737-110922831	+	AAGCTGTGCTCAAGTGGAAAGATCGTAGGGCTAGGACTCTTTATTCTTTATGTAAGGAGTCTCCTTGGTCTATCTCACTCTTTGTCTCGGTTTC	1-95
MIR9794	1	1	GAGCTAAGACCCTAGGTTCTTCTGTGTCTCAAGCGAAGACCACAGGTTCCTTGGAGCACGTACACTTGTTCAGGGAAGAGTCGGTTAAATGGCAA	miRNA	MIR9794	NC_010461.5	12931367-12931462	-	GAGCTAAGACCCTAGGTTCTTCTGTGTCTCAAGCGAAGACCACAGGTTCCTTGGAGCACGTACACTTGTTCAGGGAAGAGTCGGTTAAATGGCAA	1-96
MIR9795	1	1	AAGCTCAGGCTGCTGTCTAGGCCACTGCTTTGGAAAGAGGCCCACGCTAGGTTCCAGATTTAGGGAGGACGTGCCGCCTGGCAG	miRNA	MIR9795	NC_010446.5	8276935-8277019	+	AAGCTCAGGCTGCTGTCTAGGCCACTGCTTTGGAAAGAGGCCCACGCTAGGTTCCAGATTTAGGGAGGACGTGCCGCCTGGCAG	1-85
MIR9796	1	1	GGGCATTTTAGGCGGTTCCGTTATGAGGAAGTGGCCGGACCCGAAGAGGCGCTGAGCCGGCTCAGGGAACTTTGTCGTCGGTGGCTGAGGCC	miRNA	MIR9796	NC_010445.4	6437239-6437331	-	GGGCATTTTAGGCGGTTCCGTTATGAGGAAGTGGCCGGACCCGAAGAGGCGCTGAGCCGGCTCAGGGAACTTTGTCGTCGGTGGCTGAGGCC	1-93
MIR9798	1	1	ACAGCTGTTCCCTGCCTCTGCTTCCCGCCACTCCAAGCCTAGCGCTGCAACACAGTGGATGGATCGGAAGGGACCCAAGCTGG	miRNA	MIR9798	NC_010459.5	34340792-34340875	-	ACAGCTGTTCCCTGCCTCTGCTTCCCGCCACTCCAAGCCTAGCGCTGCAACACAGTGGATGGATCGGAAGGGACCCAAGCTGG	1-84
MIR9799	1	1	TAGAGTCAAAGTTCTGCGGGGTGGGGGATGGGTCAAGACATTTTGTGGGTTGGTTCTCATTGCTTTGATCGTCTGGCTGTGATACTT	miRNA	MIR9799	NC_010458.4	36738809-36738896	+	TAGAGTCAAAGTTCTGCGGGGTGGGGGATGGGTCAAGACATTTTGTGGGTTGGTTCTCATTGCTTTGATCGTCTGGCTGTGATACTT	1-88
MIR98	1	1	GGGTGAGGTAGTAAGTTGTATTGTTGTGGGGTAGGGATTTTAGGCCCCAATTAGAAGATAACTATACAACTTACTACTTT	miRNA	MIR98	NC_010461.5	46302381-46302461	-	GGGTGAGGTAGTAAGTTGTATTGTTGTGGGGTAGGGATTTTAGGCCCCAATTAGAAGATAACTATACAACTTACTACTTT	1-81
MIR9800	1	1	AATTGGTTTTCAGACCATTGCTAAGATGTCTTTGAAAAGAATGGTGCAAGACACTCATTTGATTCAGTTGGACACTGAAATAAATA	miRNA	MIR9800	NC_010458.4	39250944-39251030	+	AATTGGTTTTCAGACCATTGCTAAGATGTCTTTGAAAAGAATGGTGCAAGACACTCATTTGATTCAGTTGGACACTGAAATAAATA	1-87
MIR9801	1	1	GGCACATTGTCATTTTAAGGATCGTGTGGGTCGCCAGCATCAAGCCTGGTGTTTGTGGTGGCTGGAGGTTTTTGAGGGGCCA	miRNA	MIR9801	NC_010444.4	68841459-68841541	-	GGCACATTGTCATTTTAAGGATCGTGTGGGTCGCCAGCATCAAGCCTGGTGTTTGTGGTGGCTGGAGGTTTTTGAGGGGCCA	1-83
MIR9802	1	1	AAATTAGGCAGCTGGCGGACCTCGAAACCAAGTGTGAGTCTTTTCATCCCCAAGGGTGGGGTTGTCGGCCTCCGGATCC	miRNA	MIR9802	NC_010449.5	6393454-6393533	-	AAATTAGGCAGCTGGCGGACCTCGAAACCAAGTGTGAGTCTTTTCATCCCCAAGGGTGGGGTTGTCGGCCTCCGGATCC	1-80
MIR9803	1	1	TGTGGCGGCTCCAAGGTCATGATCGATCGGCACACACTGTCGAGATGGATTTCGTGACTGGCTGGCTGTTCACAA	miRNA	MIR9803	NC_010453.5	5223250-5223325	-	TGTGGCGGCTCCAAGGTCATGATCGATCGGCACACACTGTCGAGATGGATTTCGTGACTGGCTGGCTGTTCACAA	1-76
MIR9804	1	1	AGAGGGTTCACCCAGGATCAGAGGATGGACACACAGGAAGGTTCAGGCTGAATCCCAGGTAATTCTTCCTGAGCTCAGG	miRNA	MIR9804	NC_010451.4	48987974-48988053	-	AGAGGGTTCACCCAGGATCAGAGGATGGACACACAGGAAGGTTCAGGCTGAATCCCAGGTAATTCTTCCTGAGCTCAGG	1-80
MIR9805	1	1	TCCAGTGAAGGCGTCAGATAGCCGGGAGCAGGAACCTGGAGCTCGGAGTCGAGCTCAGAGACGCCCAGGGTCTGTCGGATGTCTCCTTCGTGTG	miRNA	MIR9805	NC_010455.5	203603753-203603847	-	TCCAGTGAAGGCGTCAGATAGCCGGGAGCAGGAACCTGGAGCTCGGAGTCGAGCTCAGAGACGCCCAGGGTCTGTCGGATGTCTCCTTCGTGTG	1-95
MIR9807	1	1	ATTAATGAGTCCTGTTGTCTGTCGGATGTTTGCTAGACATCATGTTAGGCAATGAAGGACATTTGAGT	miRNA	MIR9807	NC_010449.5	10759172-10759240	-	ATTAATGAGTCCTGTTGTCTGTCGGATGTTTGCTAGACATCATGTTAGGCAATGAAGGACATTTGAGT	1-69
MIR9808	1	1	TGCAGGTGTTAGTCTTCCTCTCCTTTTGTACCTGTCAACAAGTTTTGACTCCTTGCAGGGTGTCGGATACTTACACCTGAT	miRNA	MIR9808	NC_010447.5	31452347-31452428	-	TGCAGGTGTTAGTCTTCCTCTCCTTTTGTACCTGTCAACAAGTTTTGACTCCTTGCAGGGTGTCGGATACTTACACCTGAT	1-82
MIR9809	1	1	TGCCATAGCACTTTAAGCAGTTGCGGAAATTGTCAGACGTCTGCTTCAACATGAGGTATTATTCGACTTTTCAGGATTGTTGTTGTTAGTAGC	miRNA	MIR9809	NC_010461.5	113472239-113472332	-	TGCCATAGCACTTTAAGCAGTTGCGGAAATTGTCAGACGTCTGCTTCAACATGAGGTATTATTCGACTTTTCAGGATTGTTGTTGTTAGTAGC	1-94
MIR9810	1	1	GAGGAGGGCGAGAGGCGTTGAGGCAGGGGAGAGTGACGAGGTGCCCTTCATTGTCAGCCAGGGACGAGCACGCGGCCACTCTCCCCTCACTCCGA	miRNA	MIR9810	NC_010446.5	83070363-83070458	+	GAGGAGGGCGAGAGGCGTTGAGGCAGGGGAGAGTGACGAGGTGCCCTTCATTGTCAGCCAGGGACGAGCACGCGGCCACTCTCCCCTCACTCCGA	1-96
MIR9811	1	1	CAGGGGGACCCGCGCTGGATCGTGGAGGAGCGGGAGGACGGGACCAACGTGAACAACTGGCACTGGTGCGGCCGGGCGGGGGCCAGGGCTGC	miRNA	MIR9811	NC_010445.4	80615747-80615839	-	CAGGGGGACCCGCGCTGGATCGTGGAGGAGCGGGAGGACGGGACCAACGTGAACAACTGGCACTGGTGCGGCCGGGCGGGGGCCAGGGCTGC	1-93
MIR9812	1	1	AGAGATACGTCAAGGCTTGTTTACAGAAGAAGCAGAGGAAGCCGCTCTGTAAGTCGTCGGGCCGAGGGCTCG	miRNA	MIR9812	NC_010443.5	273508932-273509004	-	AGAGATACGTCAAGGCTTGTTTACAGAAGAAGCAGAGGAAGCCGCTCTGTAAGTCGTCGGGCCGAGGGCTCG	1-73
MIR9813	1	1	TGCCCCCTCCCGGAAGGTCGGAGGATGTGCTCCGCTAAACCTCTCTCCTGACCTGGGGGAGCCTGGGCGG	miRNA	MIR9813	NC_010447.5	65479601-65479671	+	TGCCCCCTCCCGGAAGGTCGGAGGATGTGCTCCGCTAAACCTCTCTCCTGACCTGGGGGAGCCTGGGCGG	1-71
MIR9814	1	1	TGGCCCAGAGGGTCATCGGGTTTTGGAATGTTCTCTTAGTGCTTCGGTACCCGGAATGTTTTCTGATTGTTGGGCTTGGGGTTT	miRNA	MIR9814	NC_010453.5	2750363-2750447	-	TGGCCCAGAGGGTCATCGGGTTTTGGAATGTTCTCTTAGTGCTTCGGTACCCGGAATGTTTTCTGATTGTTGGGCTTGGGGTTT	1-85
MIR9815	1	1	TAGTGCCAGCCATACACTGAGGACTACAAAAAGCTTTGTTCACAATGAGAAAACCTACTTGCTTCCCGTGTAAGTCGTCGGGTATTCTGAGCACAG	miRNA	MIR9815	NC_010443.5	1013707-1013803	-	TAGTGCCAGCCATACACTGAGGACTACAAAAAGCTTTGTTCACAATGAGAAAACCTACTTGCTTCCCGTGTAAGTCGTCGGGTATTCTGAGCACAG	1-97
MIR9816	1	1	TGGAAAAACTTCAGGATCCAGTCCAGTTTTCCAGCCACTGAGTTTCTGACTTCTGGAAGGATTTGGGTAGGGAGGAAAAGGTC	miRNA	MIR9816	NW_018085108.1	29515-29598	-	TGGAAAAACTTCAGGATCCAGTCCAGTTTTCCAGCCACTGAGTTTCTGACTTCTGGAAGGATTTGGGTAGGGAGGAAAAGGTC	1-84
MIR9817	1	1	CCGTTACGGCCTTTTCCAAAATGTCGTCGGAACAGAAACACACGGCGTGTGCTGGCAGGGGTGTCGAGGGT	miRNA	MIR9817	NC_010445.4	1065312-1065383	+	CCGTTACGGCCTTTTCCAAAATGTCGTCGGAACAGAAACACACGGCGTGTGCTGGCAGGGGTGTCGAGGGT	1-72
MIR9818	1	1	GAAACAATCTGGCCAATGAATCATTGGGCTCCTCAATAGAATTCAAATGATTGTTGGCCAGGACGAGGG	miRNA	MIR9818	NC_010451.4	48163315-48163384	-	GAAACAATCTGGCCAATGAATCATTGGGCTCCTCAATAGAATTCAAATGATTGTTGGCCAGGACGAGGG	1-70
MIR9819	1	1	TCTTTAGAGGGAGCTCGATCGTCCGGATGCTCAGCCTGGGACGTCCCCCCGCCGCCCCGGGGCCAGAGCAGAGCTGGGGGCTGCAGCCTAGCAGGGAA	miRNA	MIR9819	NC_010447.5	10749513-10749611	-	TCTTTAGAGGGAGCTCGATCGTCCGGATGCTCAGCCTGGGACGTCCCCCCGCCGCCCCGGGGCCAGAGCAGAGCTGGGGGCTGCAGCCTAGCAGGGAA	1-99
MIR9820	1	1	ACCCTGCAGTGAGGAGGAGGGAAGAAAGGCTGCTGCTGTTCTTCTCGCAGTCTTCCAGCCCTCCCCCTGCAGCAG	miRNA	MIR9820	NC_010444.4	140941598-140941673	-	ACCCTGCAGTGAGGAGGAGGGAAGAAAGGCTGCTGCTGTTCTTCTCGCAGTCTTCCAGCCCTCCCCCTGCAGCAG	1-76
MIR9823	1	1	TCTCCTTGGTGCTACCAGAACGTCGGGCATCTGATACAGAGCAAGATACTGGGACAGTACCTGCTTAGGAAT	miRNA	MIR9823	NC_010443.5	221066330-221066402	-	TCTCCTTGGTGCTACCAGAACGTCGGGCATCTGATACAGAGCAAGATACTGGGACAGTACCTGCTTAGGAAT	1-73
MIR9824	1	1	GTGAGCCTCTGGCGGAGGCGATCGGGGTGGCCGTGGGGGAAGGGCAGACCCTGGGGTGCTCAGCGCTGAGGTGAAG	miRNA	MIR9824	NC_010443.5	1665568-1665644	-	GTGAGCCTCTGGCGGAGGCGATCGGGGTGGCCGTGGGGGAAGGGCAGACCCTGGGGTGCTCAGCGCTGAGGTGAAG	1-77
MIR9825	1	1	CTTGGAGGCAGGGTGGATCTGAGGATGTTACGACTCCATAGCATCTCTGTCTGCCTCTCTGGG	miRNA	MIR9825	NC_010446.5	84110767-84110830	+	CTTGGAGGCAGGGTGGATCTGAGGATGTTACGACTCCATAGCATCTCTGTCTGCCTCTCTGGG	1-64
MIR9826	1	1	TCATTTAGGGGGTGAATCATGTCGGACACAGGTTATCAATCTACATAATCTATGGGGACAAGAATCCTGACTTCACGAGATGGT	miRNA	MIR9826	NC_010457.5	79395071-79395155	+	TCATTTAGGGGGTGAATCATGTCGGACACAGGTTATCAATCTACATAATCTATGGGGACAAGAATCCTGACTTCACGAGATGGT	1-85
MIR9827	1	1	TCAAAGTCCTGGTGAGAACTCAGATTGTTGGCTTTATAAGCGCAGTAGTCCTTCCACTATCTGAATATGTTTTCATTTAATTGGATGTAGC	miRNA	MIR9827	NC_010447.5	49938518-49938609	+	TCAAAGTCCTGGTGAGAACTCAGATTGTTGGCTTTATAAGCGCAGTAGTCCTTCCACTATCTGAATATGTTTTCATTTAATTGGATGTAGC	1-92
MIR9828	1	3	ATGTGGGAGCCGCCCGGCTTCCCGAGAGACACCTGGTATGAATGCCTGATCGAAAGAGAGGTCGAGTGGTTTCAGGCCGGTCGCTCGATAGAAAGAAA	miRNA	MIR9828-1	NC_010454.4	58566073-58566171	+	ATGTGGGAGCCGCCCGGCTTCCCGAGAGACACCTGGTATGAATGCCTGATCGAAAGAGAGGTCGAGTGGTTTCAGGCCGGTCGCTCGATAGAAAGAAA	1-99
MIR9828	1	3	ATGTGGGAGCCGCCCGGCTTCCCGAGAGACACCTGGTATGAATGCCTGATCGAAAGAGAGGTCGAGTGGTTTCAGGCCGGTCGCTCGATAGAAAGAAA	miRNA	MIR9828-2	NC_010454.4	58569160-58569258	+	ATGTGGGAGCCGCCCGGCTTCCCGAGAGACACCTGGTATGAATGCCTGATCGAAAGAGAGGTCGAGTGGTTTCAGGCCGGTCGCTCGATAGAAAGAAA	1-99
MIR9828	1	3	ATGTGGGAGCCGCCCGGCTTCCCGAGAGACACCTGGTATGAATGCCTGATCGAAAGAGAGGTCGAGTGGTTTCAGGCCGGTCGCTCGATAGAAAGAAA	miRNA	MIR9828-3	NC_010454.4	58572254-58572352	+	ATGTGGGAGCCGCCCGGCTTCCCGAGAGACACCTGGTATGAATGCCTGATCGAAAGAGAGGTCGAGTGGTTTCAGGCCGGTCGCTCGATAGAAAGAAA	1-99
MIR9829	1	1	TCAGATTATTGTCCTTGGTGAGTCGGATGTCAAGGAAACGTTCGTAGTTACCCAGGTCCAGGTCCAC	miRNA	MIR9829	NC_010448.4	170226776-170226843	+	TCAGATTATTGTCCTTGGTGAGTCGGATGTCAAGGAAACGTTCGTAGTTACCCAGGTCCAGGTCCAC	1-68
MIR9830	1	1	ATACCACGGTGTCTGGAAAGGTCGGATGAGTCACCCAGCACTCTGCGGCTCTTTGCTGCGTCACCGAGTCCT	miRNA	MIR9830	NC_010449.5	121269716-121269788	-	ATACCACGGTGTCTGGAAAGGTCGGATGAGTCACCCAGCACTCTGCGGCTCTTTGCTGCGTCACCGAGTCCT	1-73
MIR9831	1	1	AATCTGAGCTGTTGTCACCAGTTACAGGCTATGGCAGATGGCTTGCGGTGTGTAGAGGAGGACAATGGACAAGGAAT	miRNA	MIR9831	NC_010443.5	2893742-2893819	+	AATCTGAGCTGTTGTCACCAGTTACAGGCTATGGCAGATGGCTTGCGGTGTGTAGAGGAGGACAATGGACAAGGAAT	1-78
MIR9832	1	1	TTTCATCAGGTGATACCCTAATACTTACTCAGAAGATAATTTAGAGATATGGCTTGTTTAGATTATTGTTTAGAGAGGAGGATGGCAGATGGTGAGG	miRNA	MIR9832	NC_010443.5	196082270-196082367	+	TTTCATCAGGTGATACCCTAATACTTACTCAGAAGATAATTTAGAGATATGGCTTGTTTAGATTATTGTTTAGAGAGGAGGATGGCAGATGGTGAGG	1-98
MIR9833	1	1	TCTAGGACTTTAAAGATTGTTGGTATGTTCCTTTCCGAAGTCTTGATGGAGAGGGTCTGCCTTCTGCATTCTTTAAAAAGATATAATTGACTAGGT	miRNA	MIR9833	NC_010451.4	32594887-32594983	-	TCTAGGACTTTAAAGATTGTTGGTATGTTCCTTTCCGAAGTCTTGATGGAGAGGGTCTGCCTTCTGCATTCTTTAAAAAGATATAATTGACTAGGT	1-97
MIR9835	1	1	ATCTGAGAATGTCCATTCTTGAAATTTCTAGACGAAGTCTTTGGATTTTGGAGGCCATTTTGCTATCTAGAGGGATCTGAGGAGGACAGAGCTCCAAG	miRNA	MIR9835	NC_010456.5	89500380-89500478	-	ATCTGAGAATGTCCATTCTTGAAATTTCTAGACGAAGTCTTTGGATTTTGGAGGCCATTTTGCTATCTAGAGGGATCTGAGGAGGACAGAGCTCCAAG	1-99
MIR9836	1	1	TGGAGCTATGTTTACTTTGTTCATCACTATATAATCAGAAGCTTGTACATAGTTATTGCTGAGTGAATATTGATTGTATGGATGACTACTCTCCTTG	miRNA	MIR9836	NC_010456.5	65750599-65750696	-	TGGAGCTATGTTTACTTTGTTCATCACTATATAATCAGAAGCTTGTACATAGTTATTGCTGAGTGAATATTGATTGTATGGATGACTACTCTCCTTG	1-98
MIR9837	1	1	TTAAAGGACATCACTATTTAGGTCGTTGGGTTATAGGTGGGTGATGGAGCAATGGCCGTGGGTGGAGTGGTCCAGGAA	miRNA	MIR9837	NC_010449.5	10085297-10085375	+	TTAAAGGACATCACTATTTAGGTCGTTGGGTTATAGGTGGGTGATGGAGCAATGGCCGTGGGTGGAGTGGTCCAGGAA	1-79
MIR9838	1	1	TGAAACCTGCTCAGGTGAATGTCGGATATCTGCCAAAAGCAGGTATTAAAGAGATACCGGAGTCAGGAAGAG	miRNA	MIR9838	NC_010443.5	128305321-128305393	+	TGAAACCTGCTCAGGTGAATGTCGGATATCTGCCAAAAGCAGGTATTAAAGAGATACCGGAGTCAGGAAGAG	1-73
MIR9839	1	1	AAACTGCCCCTCATGATTCGTCTGGGCATCTCCAACCAAGACGGTGACATGCCTGCTCTCATGGTGGGCAACGT	miRNA	MIR9839	NC_010446.5	79216755-79216829	+	AAACTGCCCCTCATGATTCGTCTGGGCATCTCCAACCAAGACGGTGACATGCCTGCTCTCATGGTGGGCAACGT	1-75
MIR9840	1	1	CACGAGATGTCCTTTTCTTTTCCTCTGGGACAGGGCCAAAGGGCCCATCTTCACAAACTGGCTCTAGAGGAGATCGTGGGGGAAGCTCTCCCA	miRNA	MIR9840	NC_010450.4	29548913-29549006	-	CACGAGATGTCCTTTTCTTTTCCTCTGGGACAGGGCCAAAGGGCCCATCTTCACAAACTGGCTCTAGAGGAGATCGTGGGGGAAGCTCTCCCA	1-94
MIR9841	1	1	CAGGAAGTGGGTGGGTGCTCGATGCTAGATGGGCACAGACAATGGTAATAAATAACATCTAGCATCGAGCACCCGCCTACTAACTGGC	miRNA	MIR9841	NC_010449.5	3835426-3835514	-	CAGGAAGTGGGTGGGTGCTCGATGCTAGATGGGCACAGACAATGGTAATAAATAACATCTAGCATCGAGCACCCGCCTACTAACTGGC	1-89
MIR9842	1	1	ATTAGGAACATCTCAGAGATCAGAGGAAGCCAGCACGGTGTGAAAGAGCTGCTCTGTGGGCTCCGGGTTTTATTCCATCG	miRNA	MIR9842	NC_010448.4	92948684-92948764	-	ATTAGGAACATCTCAGAGATCAGAGGAAGCCAGCACGGTGTGAAAGAGCTGCTCTGTGGGCTCCGGGTTTTATTCCATCG	1-81
MIR9843	1	1	TACACAGCTTTCCAGAGGTTTCCAGCTTATAGGATATTCATATGGTAGTTCTGTGAACTAGAAACCTCTGGAAAGTGGTGT	miRNA	MIR9843	NC_010450.4	114110660-114110741	-	TACACAGCTTTCCAGAGGTTTCCAGCTTATAGGATATTCATATGGTAGTTCTGTGAACTAGAAACCTCTGGAAAGTGGTGT	1-82
MIR9844	1	1	TCTGAAAGTGTGTGATTCTAAAATTCAGTGTTCCCTAAGTGCAAAGCTCTGAAAATCTGGGAATCTTTGACTGTTGGATGTTAAGAACTCAGG	miRNA	MIR9844	NW_018085316.1	31192-31285	+	TCTGAAAGTGTGTGATTCTAAAATTCAGTGTTCCCTAAGTGCAAAGCTCTGAAAATCTGGGAATCTTTGACTGTTGGATGTTAAGAACTCAGG	1-94
MIR9846	1	1	AGGACCTGGAATCATCTGCCCTCGTTCACAGGCAGAAATTTTGAAAACAAGTTGTTCTCGCCCATCCTGCCTGGATCAGAGGAGGAAAACAGATTCAT	miRNA	MIR9846	NC_010450.4	135576113-135576211	-	AGGACCTGGAATCATCTGCCCTCGTTCACAGGCAGAAATTTTGAAAACAAGTTGTTCTCGCCCATCCTGCCTGGATCAGAGGAGGAAAACAGATTCAT	1-99
MIR9848	1	1	AATGTTTGGTAGCGAACTGATTCCAGCGCCCAGGTCAAGTTCACAGCGGTCCCTGCTCGAGACGTCGGATGTGCCCCAGAAACC	miRNA	MIR9848	NC_010449.5	52556253-52556337	+	AATGTTTGGTAGCGAACTGATTCCAGCGCCCAGGTCAAGTTCACAGCGGTCCCTGCTCGAGACGTCGGATGTGCCCCAGAAACC	1-85
MIR9849	1	1	ACCCTAAGTGTGCTGATCAGTGCGGATGTCTAGCTCAAATAGAACACATGAGTAAGATGAGTAAGAGCAAGGGTT	miRNA	MIR9849	NC_010446.5	85334741-85334816	+	ACCCTAAGTGTGCTGATCAGTGCGGATGTCTAGCTCAAATAGAACACATGAGTAAGATGAGTAAGAGCAAGGGTT	1-76
MIR9850	1	1	ACCTTTCTTTTGGAAATCTAGATCGGGAGGCAATTCAGTTGTCACCCAGGACCCTAGATTCCCTCTGCCATTAA	miRNA	MIR9850	NC_010455.5	78022015-78022089	-	ACCTTTCTTTTGGAAATCTAGATCGGGAGGCAATTCAGTTGTCACCCAGGACCCTAGATTCCCTCTGCCATTAA	1-75
MIR9851	1	1	TGAGCCCGGCGCTGGCAGTGTTGGTGGCACTCGTGTGGTGGCAGTGGCACCAGCACTGGCGGTGGCGTCGCACCA	miRNA	MIR9851	NC_010456.5	127016712-127016787	-	TGAGCCCGGCGCTGGCAGTGTTGGTGGCACTCGTGTGGTGGCAGTGGCACCAGCACTGGCGGTGGCGTCGCACCA	1-76
MIR9852	1	1	CATCTCCTTGGCTTCTTTTCTTCCAGAAACCTCCACCTCCCGCCTCCTTCCGACCACATTAGAACCTGGGATCGGGATCGTGGGACCAAATTTGCT	miRNA	MIR9852	NC_010447.5	45909155-45909251	+	CATCTCCTTGGCTTCTTTTCTTCCAGAAACCTCCACCTCCCGCCTCCTTCCGACCACATTAGAACCTGGGATCGGGATCGTGGGACCAAATTTGCT	1-97
MIR9853	1	1	ACTGCAGGGCTGTCTAGGCCGTCGGGGAGTGGGGGCGGTGCACGCAACGGTCAGCGGGCAGGTGTGTGGC	miRNA	MIR9853-1	NC_010454.4	54744697-54744767	-	ACTGCAGGGCTGTCTAGGCCGTCGGGGAGTGGGGGCGGTGCACGCAACGGTCAGCGGGCAGGTGTGTGGC	1-71
MIR9854	1	1	CATTCCCTCCTGTGTGTGATCGTTAATGTGCTGTAAAAATACATTACCCAGATTCCGCGATCTCTACAGGGTGTGATTA	miRNA	MIR9854	NC_010456.5	10828089-10828168	-	CATTCCCTCCTGTGTGTGATCGTTAATGTGCTGTAAAAATACATTACCCAGATTCCGCGATCTCTACAGGGTGTGATTA	1-80
MIR9857	1	1	GTCTCATAGATGTTGGGACTGTGTTTGGCATCTCCATACCCTGGCTGGGCACCTGCTTATACATCAGGCT	miRNA	MIR9857	NC_010443.5	10483580-10483650	-	GTCTCATAGATGTTGGGACTGTGTTTGGCATCTCCATACCCTGGCTGGGCACCTGCTTATACATCAGGCT	1-71
MIR9858	1	1	GGCTCCGGGGTTCCTGAGTCGGACTGGGCTGCGGAGCGTCTACACGCACCCCATCCCCCTCCGGAGCGCTGAGGCTGG	miRNA	MIR9858	NC_010446.5	51211583-51211661	+	GGCTCCGGGGTTCCTGAGTCGGACTGGGCTGCGGAGCGTCTACACGCACCCCATCCCCCTCCGGAGCGCTGAGGCTGG	1-79
MIR9859	1	1	TTGTGTGGTACAGTTGGTATCTGATCAGAGTCCTGTCTTCAGTACTTTGAAAAGGATCGGTTGGAAGACTTAAAATAGGT	miRNA	MIR9859	NC_010461.5	40658559-40658639	+	TTGTGTGGTACAGTTGGTATCTGATCAGAGTCCTGTCTTCAGTACTTTGAAAAGGATCGGTTGGAAGACTTAAAATAGGT	1-81
MIR9860	1	1	GGCCTTTCTCTTGCCCGAGAGCTTGGACCGCGCGTTGCAGTGGGGTGACGCGAGGTTCAGCCCGGGCCTCCTCGAAGGCTG	miRNA	MIR9860	NC_010449.5	100126699-100126780	-	GGCCTTTCTCTTGCCCGAGAGCTTGGACCGCGCGTTGCAGTGGGGTGACGCGAGGTTCAGCCCGGGCCTCCTCGAAGGCTG	1-82
MIR9861	1	1	TTAATTTTCTTTTAATCAAGGTCGGATGAAGTAAATTGGTGCGGTTCTGCAGCCCTTCATTTTCCGTCTTTGCAGTGATGCAAAACAAA	miRNA	MIR9861	NC_010448.4	71063423-71063512	-	TTAATTTTCTTTTAATCAAGGTCGGATGAAGTAAATTGGTGCGGTTCTGCAGCCCTTCATTTTCCGTCTTTGCAGTGATGCAAAACAAA	1-90
MIR99A	1	1	CCATTGGCATAAACCCGTAGATCCGATCTTGTGGTGAAGTGGACCGCACAAGCTCGCTTCTATGGGTCTGTGTCAGTGTG	miRNA	MIR99A	NC_010455.5	181302483-181302563	+	CCATTGGCATAAACCCGTAGATCCGATCTTGTGGTGAAGTGGACCGCACAAGCTCGCTTCTATGGGTCTGTGTCAGTGTG	1-81
MIR99B	1	1	GGCACCCACCCGTAGAACCGACCTTGCGGGGCCTTCGCCGCACACAAGCTCGTGTCTGTGGGTCCGTGTC	miRNA	MIR99B	NC_010448.4	58332211-58332281	-	GGCACCCACCCGTAGAACCGACCTTGCGGGGCCTTCGCCGCACACAAGCTCGTGTCTGTGGGTCCGTGTC	1-71
MIRLET7A	1	1	CACTGTGGGATGAGGTAGTAGGTTGTATAGTTTTAGGGTCACACCCACCACTGGGAGATAACTATACAATCTACTGTCTTTCCTAACGTGAT	miRNA	MIRLET7A-2	NC_010445.4	43465667-43465759	+	CACTGTGGGATGAGGTAGTAGGTTGTATAGTTTTAGGGTCACACCCACCACTGGGAGATAACTATACAATCTACTGTCTTTCCTAACGTGAT	1-93
MIRLET7A	2	1	CCCAGGTTGAGGTAGTAGGTTGTATAGTTTAGAATTGTATCAAGGGAGATAACTGTACAGCCTCCTAGCTTTCCTTGGGT	miRNA	MIRLET7A-1	NC_010451.4	49152586-49152666	-	CCCAGGTTGAGGTAGTAGGTTGTATAGTTTAGAATTGTATCAAGGGAGATAACTGTACAGCCTCCTAGCTTTCCTTGGGT	1-81
MIRLET7C	1	1	TGTGTGCATCCGGGTTGAGGTAGTAGGTTGTATGGTTTAGAGTTACACCGTGGGAGTTAACTGTACAACCTTCTAGCTTTCCTTGGAGCACACT	miRNA	MIRLET7C	NC_010455.5	181303209-181303303	+	TGTGTGCATCCGGGTTGAGGTAGTAGGTTGTATGGTTTAGAGTTACACCGTGGGAGTTAACTGTACAACCTTCTAGCTTTCCTTGGAGCACACT	1-95
MIRLET7D	1	1	GTTCCTAGGAAGAGGTAGTAGGTTGCATAGTTTTAGGGCAGAGATTTTGCCCACAAGGAGGTAACTATACGACCTGCTGCCTTTCTTAGGGCCTTA	miRNA	MIRLET7D	NC_010445.4	43468501-43468597	+	GTTCCTAGGAAGAGGTAGTAGGTTGCATAGTTTTAGGGCAGAGATTTTGCCCACAAGGAGGTAACTATACGACCTGCTGCCTTTCTTAGGGCCTTA	1-97
MIRLET7E	1	1	GCCCCGGGCTGAGGTAGGAGGTTGTATAGTTGAGGAGGACACCCACGGAGATCACTATACGGCCTCCTAGCTTTCCCCAG	miRNA	MIRLET7E	NC_010448.4	58332042-58332122	-	GCCCCGGGCTGAGGTAGGAGGTTGTATAGTTGAGGAGGACACCCACGGAGATCACTATACGGCCTCCTAGCTTTCCCCAG	1-81
MIRLET7F	1	1	TCTATCAGAGTGAGGTAGTAGATTGTATAGTTGTGGGGTAGTGATTTTACCCTGTTCAGGAGATAACTATACAATCTATTGCCTTCCCTGAGGAGTA	miRNA	MIRLET7F-2	NC_010445.4	43466034-43466131	+	TCTATCAGAGTGAGGTAGTAGATTGTATAGTTGTGGGGTAGTGATTTTACCCTGTTCAGGAGATAACTATACAATCTATTGCCTTCCCTGAGGAGTA	1-98
MIRLET7F	2	1	TGTGGGATGAGGTAGTAGATTGTATAGTTTTAGGGTCATACCCCATCTTGGAGATAACTATACAGTCTACTGTCTTTCCCACG	miRNA	MIRLET7F-1	NC_010461.5	46303245-46303328	-	TGTGGGATGAGGTAGTAGATTGTATAGTTTTAGGGTCATACCCCATCTTGGAGATAACTATACAGTCTACTGTCTTTCCCACG	1-84
MIRLET7G	1	1	GGCTGAGGTAGTAGTTTGTACAGTTTGAGGGTCTATGATACCACCCGGTACAGGAGATAACTGTACAGGCCACTGCCTTG	miRNA	MIRLET7G	NC_010455.5	34406140-34406220	-	GGCTGAGGTAGTAGTTTGTACAGTTTGAGGGTCTATGATACCACCCGGTACAGGAGATAACTGTACAGGCCACTGCCTTG	1-81
MIRLET7I	1	1	CTGGCTGAGGTAGTAGTTTGTGCTGTTGGTCGGGTTGTGACATTGCCCGCTGTGGAGATAACTGCGCAAGCTACTGCCTTGCTAG	miRNA	MIRLET7I	NC_010447.5	27252802-27252887	+	CTGGCTGAGGTAGTAGTTTGTGCTGTTGGTCGGGTTGTGACATTGCCCGCTGTGGAGATAACTGCGCAAGCTACTGCCTTGCTAG	1-86
