State,Candidate,Party,Votes,Vote share,Electoral votes,Expected votes counted (%)
Alaska,Donald Trump wins,Republican (incumbent),"141,850",55.50%,3,72%
Alaska,Kamala Harris,Democrat,"103,146",40.40%,0,72%
Alaska,Robert F. Kennedy Jr,Independent,"4,345",1.70%,0,72%
Alaska,Chase Oliver,Libertarian,"2,268",0.90%,0,72%
Alaska,Jill Stein,Green,"1,676",0.70%,0,72%
Alaska,Cornel West,Unity,912,0.40%,0,72%
Alaska,Randall Terry,Constitution,680,0.30%,0,72%
Alaska,Peter Sonski,American Solidarity,506,0.20%,0,72%
Alabama,Donald Trump wins,Republican (incumbent),"1,457,704",64.80%,9,99%
Alabama,Kamala Harris,Democrat,"769,391",34.20%,0,99%
Alabama,Robert F. Kennedy Jr,Independent,"12,026",0.50%,0,99%
Alabama,Chase Oliver,Libertarian,"4,914",0.20%,0,99%
Alabama,Jill Stein,Green,"4,297",0.20%,0,99%
Alabama,Write-ins,Write - In,"1,770",0.10%,0,99%
Arkansas,Donald Trump wins,Republican (incumbent),"758,007",64.20%,6,97.50%
Arkansas,Kamala Harris,Democrat,"395,756",33.50%,0,97.50%
Arkansas,Robert F. Kennedy Jr,Independent,"13,220",1.10%,0,97.50%
Arkansas,Chase Oliver,Libertarian,"5,708",0.50%,0,97.50%
Arkansas,Jill Stein,Green,"4,263",0.40%,0,97.50%
Arkansas,Peter Sonski,American Solidarity,"2,130",0.20%,0,97.50%
Arkansas,Michael Wood,Prohibition,"1,142",0.10%,0,97.50%
Arizona,Donald Trump wins,Republican,"1,649,767",52.40%,11,91.80%
Arizona,Kamala Harris,Democrat (incumbent),"1,469,152",46.60%,0,91.80%
Arizona,Jill Stein,Green,"16,290",0.50%,0,91.80%
Arizona,Chase Oliver,Libertarian,"16,133",0.50%,0,91.80%
Arizona,Write-ins,Write - In,0,0.00%,0,91.80%
California,Kamala Harris wins,Democrat (incumbent),"7,267,019",58.50%,54,77.10%
California,Donald Trump,Republican,"4,792,460",38.60%,0,77.10%
California,Robert F. Kennedy Jr,Independent,"143,435",1.20%,0,77.10%
California,Jill Stein,Green,"115,416",0.90%,0,77.10%
California,Claudia De la Cruz,Peace and Freedom,"49,422",0.40%,0,77.10%
California,Chase Oliver,Libertarian,"49,041",0.40%,0,77.10%
California,Write-ins,Write - In,16,0.00%,0,77.10%
Colorado,Kamala Harris wins,Democrat (incumbent),"1,686,157",54.20%,10,95.20%
Colorado,Donald Trump,Republican,"1,341,833",43.10%,0,95.20%
Colorado,Robert F. Kennedy Jr,Independent,"34,476",1.10%,0,95.20%
Colorado,Chase Oliver,Libertarian,"20,795",0.70%,0,95.20%
Colorado,Jill Stein,Green,"16,380",0.50%,0,95.20%
Colorado,Cornel West,Unity,"4,931",0.20%,0,95.20%
Colorado,Randall Terry,Constitution,"3,446",0.10%,0,95.20%
Colorado,Blake Huber,Approval Voting,"2,124",0.10%,0,95.20%
Colorado,Write-ins,Write - In,3,0.00%,0,95.20%
Connecticut,Kamala Harris wins,Democrat (incumbent),"989,195",56.50%,7,98.60%
Connecticut,Donald Trump,Republican,"731,832",41.80%,0,98.60%
Connecticut,Jill Stein,Green,"14,154",0.80%,0,98.60%
Connecticut,Robert F. Kennedy Jr,Independent,"8,328",0.50%,0,98.60%
Connecticut,Chase Oliver,Libertarian,"6,667",0.40%,0,98.60%
Connecticut,Write-ins,Write - In,75,0.00%,0,98.60%
District of Columbia,Kamala Harris wins,Democrat (incumbent),"268,992",90.40%,3,99%
District of Columbia,Donald Trump,Republican,"19,402",6.50%,0,99%
District of Columbia,Write-ins,Write - In,"6,612",2.20%,0,99%
District of Columbia,Robert F. Kennedy Jr,Independent,"2,469",0.80%,0,99%
Delaware,Kamala Harris wins,Democrat (incumbent),"289,585",56.60%,3,99%
Delaware,Donald Trump,Republican,"214,184",41.90%,0,99%
Delaware,Robert F. Kennedy Jr,Independent,"4,633",0.90%,0,99%
Delaware,Chase Oliver,Libertarian,"2,037",0.40%,0,99%
Delaware,Vermin Supreme,Conservative,914,0.20%,0,99%
Delaware,Write-ins,Write - In,0,0.00%,0,99%
Florida,Donald Trump wins,Republican (incumbent),"6,108,452",56.10%,30,99%
Florida,Kamala Harris,Democrat,"4,679,984",42.90%,0,99%
Florida,Jill Stein,Green,"43,103",0.40%,0,99%
Florida,Chase Oliver,Libertarian,"31,950",0.30%,0,99%
Florida,Claudia De la Cruz,Peace and Freedom,"11,956",0.10%,0,99%
Florida,Write-ins,Write - In,"8,351",0.10%,0,99%
Florida,Peter Sonski,American Solidarity,"7,436",0.10%,0,99%
Florida,Randall Terry,Constitution,"5,829",0.10%,0,99%
Georgia,Donald Trump wins,Republican,"2,660,945",50.70%,16,99%
Georgia,Kamala Harris,Democrat (incumbent),"2,544,134",48.50%,0,99%
Georgia,Chase Oliver,Libertarian,"20,670",0.40%,0,99%
Georgia,Jill Stein,Green,"18,195",0.30%,0,99%
Georgia,Write-ins,Write - In,"3,553",0.10%,0,99%
Hawaii,Kamala Harris wins,Democrat (incumbent),"312,384",60.60%,4,89.70%
Hawaii,Donald Trump,Republican,"193,169",37.50%,0,89.70%
Hawaii,Jill Stein,Green,"4,372",0.80%,0,89.70%
Hawaii,Chase Oliver,Libertarian,"2,719",0.50%,0,89.70%
Hawaii,Claudia De la Cruz,Peace and Freedom,"1,931",0.40%,0,89.70%
Hawaii,Peter Sonski,American Solidarity,933,0.20%,0,89.70%
Iowa,Donald Trump wins,Republican (incumbent),"926,103",55.80%,6,99%
Iowa,Kamala Harris,Democrat,"706,526",42.60%,0,99%
Iowa,Robert F. Kennedy Jr,Independent,"13,105",0.80%,0,99%
Iowa,Chase Oliver,Libertarian,"7,212",0.40%,0,99%
Iowa,Write-ins,Write - In,"3,669",0.20%,0,99%
Iowa,Claudia De la Cruz,Peace and Freedom,"1,430",0.10%,0,99%
Iowa,Shiva Ayyadurai,Independent,424,0.00%,0,99%
Iowa,William Stodden,Socialist,361,0.00%,0,99%
Idaho,Donald Trump wins,Republican (incumbent),"605,144",66.90%,4,99%
Idaho,Kamala Harris,Democrat,"274,956",30.40%,0,99%
Idaho,Robert F. Kennedy Jr,Independent,"12,812",1.40%,0,99%
Idaho,Chase Oliver,Libertarian,"4,462",0.50%,0,99%
Idaho,Jill Stein,Green,"2,972",0.30%,0,99%
Idaho,Joel Skousen,Constitution,"1,580",0.20%,0,99%
Idaho,Claudia De la Cruz,Peace and Freedom,"1,230",0.10%,0,99%
Idaho,Randall Terry,Constitution,"1,026",0.10%,0,99%
Idaho,Shiva Ayyadurai,Independent,514,0.10%,0,99%
Idaho,Write-ins,Write - In,360,0.00%,0,99%
Illinois,Kamala Harris wins,Democrat (incumbent),"2,891,669",53.70%,19,92.80%
Illinois,Donald Trump,Republican,"2,403,624",44.70%,0,92.80%
Illinois,Robert F. Kennedy Jr,Independent,"77,066",1.40%,0,92.80%
Illinois,Write-ins,Write - In,"9,031",0.20%,0,92.80%
Indiana,Donald Trump wins,Republican (incumbent),"1,715,058",58.60%,11,97.10%
Indiana,Kamala Harris,Democrat,"1,159,785",39.60%,0,97.10%
Indiana,Robert F. Kennedy Jr,Independent,"29,094",1.00%,0,97.10%
Indiana,Chase Oliver,Libertarian,"20,504",0.70%,0,97.10%
Indiana,Write-ins,Write - In,"3,768",0.10%,0,97.10%
Kansas,Donald Trump wins,Republican (incumbent),"741,459",57.20%,6,98%
Kansas,Kamala Harris,Democrat,"531,988",41.00%,0,98%
Kansas,Robert F. Kennedy Jr,Independent,"15,806",1.20%,0,98%
Kansas,Chase Oliver,Libertarian,"7,406",0.60%,0,98%
Kansas,Write-ins,Write - In,85,0.00%,0,98%
Kentucky,Donald Trump wins,Republican (incumbent),"1,336,227",64.60%,8,96.30%
Kentucky,Kamala Harris,Democrat,"700,920",33.90%,0,96.30%
Kentucky,Robert F. Kennedy Jr,Independent,"16,753",0.80%,0,96.30%
Kentucky,Jill Stein,Green,"7,538",0.40%,0,96.30%
Kentucky,Chase Oliver,Libertarian,"6,409",0.30%,0,96.30%
Kentucky,Shiva Ayyadurai,Independent,"1,014",0.00%,0,96.30%
Kentucky,Write-ins,Write - In,849,0.00%,0,96.30%
Louisiana,Donald Trump wins,Republican (incumbent),"1,208,269",60.20%,8,99%
Louisiana,Kamala Harris,Democrat,"766,424",38.20%,0,99%
Louisiana,Jill Stein,Green,"7,137",0.40%,0,99%
Louisiana,Chase Oliver,Libertarian,"6,831",0.30%,0,99%
Louisiana,Robert F. Kennedy Jr,Independent,"6,639",0.30%,0,99%
Louisiana,Mattie Preston,"Godliness, Truth, Justic","2,857",0.10%,0,99%
Louisiana,Cornel West,Unity,"2,620",0.10%,0,99%
Louisiana,Peter Sonski,American Solidarity,"2,240",0.10%,0,99%
Louisiana,Claudia De la Cruz,Peace and Freedom,"1,480",0.10%,0,99%
Louisiana,Randall Terry,Constitution,"1,424",0.10%,0,99%
Louisiana,Rachele Fruit,Socialist Workers Party,360,0.00%,0,99%
Massachusetts,Kamala Harris wins,Democrat (incumbent),"2,074,200",60.90%,11,95.90%
Massachusetts,Donald Trump,Republican,"1,238,649",36.40%,0,95.90%
Massachusetts,Jill Stein,Green,"25,453",0.70%,0,95.90%
Massachusetts,Write-ins,Write - In,"18,588",0.50%,0,95.90%
Massachusetts,Shiva Ayyadurai,Independent,"17,956",0.50%,0,95.90%
Massachusetts,Chase Oliver,Libertarian,"17,395",0.50%,0,95.90%
Massachusetts,Claudia De la Cruz,Peace and Freedom,"12,295",0.40%,0,95.90%
Maryland,Kamala Harris wins,Democrat (incumbent),"1,663,496",61.50%,10,88.90%
Maryland,Donald Trump,Republican,"971,078",35.90%,0,88.90%
Maryland,Jill Stein,Green,"28,375",1.00%,0,88.90%
Maryland,Robert F. Kennedy Jr,Independent,"26,158",1.00%,0,88.90%
Maryland,Chase Oliver,Libertarian,"14,163",0.50%,0,88.90%
Maryland,Write-ins,Write - In,0,0.00%,0,88.90%
Maine,Kamala Harris wins,Democrat (incumbent),"423,183",52.50%,3,98.40%
Maine,Donald Trump,Republican,"363,771",45.10%,1,98.40%
Maine,Jill Stein,Green,"9,241",1.10%,0,98.40%
Maine,Chase Oliver,Libertarian,"5,650",0.70%,0,98.40%
Maine,Cornel West,Unity,"3,335",0.40%,0,98.40%
Maine,Write-ins,Write - In,"1,300",0.20%,0,98.40%
Michigan,Donald Trump wins,Republican,"2,809,330",49.70%,15,99%
Michigan,Kamala Harris,Democrat (incumbent),"2,731,316",48.30%,0,99%
Michigan,Jill Stein,Green,"44,671",0.80%,0,99%
Michigan,Robert F. Kennedy Jr,Independent,"26,792",0.50%,0,99%
Michigan,Chase Oliver,Libertarian,"22,592",0.40%,0,99%
Michigan,Randall Terry,Constitution,"6,727",0.10%,0,99%
Michigan,Cornel West,Unity,"6,710",0.10%,0,99%
Michigan,Joseph Kishore,Socialist Equality,"2,509",0.00%,0,99%
Michigan,Write-ins,Write - In,"1,214",0.00%,0,99%
Minnesota,Kamala Harris wins,Democrat (incumbent),"1,657,005",51.10%,10,98.80%
Minnesota,Donald Trump,Republican,"1,519,020",46.90%,0,98.80%
Minnesota,Robert F. Kennedy Jr,Independent,"23,999",0.70%,0,98.80%
Minnesota,Jill Stein,Green,"16,275",0.50%,0,98.80%
Minnesota,Chase Oliver,Libertarian,"15,154",0.50%,0,98.80%
Minnesota,Cornel West,Unity,"3,136",0.10%,0,98.80%
Minnesota,Claudia De la Cruz,Peace and Freedom,"2,997",0.10%,0,98.80%
Minnesota,Shiva Ayyadurai,Independent,"2,885",0.10%,0,98.80%
Minnesota,Rachele Fruit,Socialist Workers Party,457,0.00%,0,98.80%
Minnesota,Write-ins,Write - In,258,0.00%,0,98.80%
Missouri,Donald Trump wins,Republican (incumbent),"1,739,041",58.50%,10,99%
Missouri,Kamala Harris,Democrat,"1,190,820",40.00%,0,99%
Missouri,Chase Oliver,Libertarian,"23,754",0.80%,0,99%
Missouri,Jill Stein,Green,"16,957",0.60%,0,99%
Missouri,Write-ins,Write - In,"4,622",0.20%,0,99%
Mississippi,Donald Trump wins,Republican (incumbent),"694,920",61.30%,6,90.70%
Mississippi,Kamala Harris,Democrat,"423,607",37.40%,0,90.70%
Mississippi,Robert F. Kennedy Jr,Independent,"5,063",0.40%,0,90.70%
Mississippi,Chase Oliver,Libertarian,"2,383",0.20%,0,90.70%
Mississippi,Write-ins,Write - In,"2,212",0.20%,0,90.70%
Mississippi,Jill Stein,Green,"1,759",0.20%,0,90.70%
Mississippi,Claudia De la Cruz,Peace and Freedom,"1,027",0.10%,0,90.70%
Mississippi,Randall Terry,Constitution,974,0.10%,0,90.70%
Mississippi,Peter Sonski,American Solidarity,947,0.10%,0,90.70%
Mississippi,Shiva Ayyadurai,Independent,658,0.10%,0,90.70%
Montana,Donald Trump wins,Republican (incumbent),"343,049",58.50%,4,96.20%
Montana,Kamala Harris,Democrat,"225,267",38.40%,0,96.20%
Montana,Robert F. Kennedy Jr,Independent,"11,425",1.90%,0,96.20%
Montana,Chase Oliver,Libertarian,"4,141",0.70%,0,96.20%
Montana,Jill Stein,Green,"2,764",0.50%,0,96.20%
Montana,Write-ins,Write - In,69,0.00%,0,96.20%
North Carolina,Donald Trump wins,Republican (incumbent),"2,878,071",51.00%,16,98.90%
North Carolina,Kamala Harris,Democrat,"2,688,665",47.70%,0,98.90%
North Carolina,Jill Stein,Green,"24,353",0.40%,0,98.90%
North Carolina,Chase Oliver,Libertarian,"21,820",0.40%,0,98.90%
North Carolina,Cornel West,Unity,"11,891",0.20%,0,98.90%
North Carolina,Write-ins,Write - In,"8,384",0.10%,0,98.90%
North Carolina,Randall Terry,Constitution,"6,790",0.10%,0,98.90%
North Dakota,Donald Trump wins,Republican (incumbent),"246,019",67.20%,3,98.90%
North Dakota,Kamala Harris,Democrat,"112,019",30.60%,0,98.90%
North Dakota,Chase Oliver,Libertarian,"6,232",1.70%,0,98.90%
North Dakota,Write-ins,Write - In,"1,618",0.40%,0,98.90%
Nebraska,Donald Trump wins,Republican (incumbent),"557,148",59.80%,4,96.50%
Nebraska,Kamala Harris,Democrat,"361,949",38.90%,1,96.50%
Nebraska,Chase Oliver,Libertarian,"6,266",0.70%,0,96.50%
Nebraska,Cornel West,Unity,"2,979",0.30%,0,96.50%
Nebraska,Jill Stein,Green,"2,813",0.30%,0,96.50%
Nebraska,Write-ins,Write - In,191,0.00%,0,96.50%
New Hampshire,Kamala Harris wins,Democrat (incumbent),"418,351",50.70%,4,100%
New Hampshire,Donald Trump,Republican,"395,397",47.90%,0,100%
New Hampshire,Chase Oliver,Libertarian,"4,424",0.50%,0,100%
New Hampshire,Write-ins,Write - In,"4,070",0.50%,0,100%
New Hampshire,Jill Stein,Green,"3,676",0.40%,0,100%
New Jersey,Kamala Harris wins,Democrat (incumbent),"2,126,015",51.60%,14,91.60%
New Jersey,Donald Trump,Republican,"1,906,769",46.20%,0,91.60%
New Jersey,Jill Stein,Green,"36,387",0.90%,0,91.60%
New Jersey,Robert F. Kennedy Jr,Independent,"22,475",0.50%,0,91.60%
New Jersey,Write-ins,Write - In,"11,127",0.30%,0,91.60%
New Jersey,Chase Oliver,Libertarian,"10,106",0.20%,0,91.60%
New Jersey,Claudia De la Cruz,Peace and Freedom,"4,769",0.10%,0,91.60%
New Jersey,Randall Terry,Constitution,"2,911",0.10%,0,91.60%
New Jersey,Joseph Kishore,Socialist Equality,"1,273",0.00%,0,91.60%
New Jersey,Rachele Fruit,Socialist Workers Party,"1,227",0.00%,0,91.60%
New Mexico,Kamala Harris wins,Democrat (incumbent),"476,088",51.80%,5,99%
New Mexico,Donald Trump,Republican,"422,184",45.90%,0,99%
New Mexico,Robert F. Kennedy Jr,Independent,"9,509",1.00%,0,99%
New Mexico,Jill Stein,Green,"4,563",0.50%,0,99%
New Mexico,Chase Oliver,Libertarian,"3,733",0.40%,0,99%
New Mexico,Claudia De la Cruz,Peace and Freedom,"2,405",0.30%,0,99%
New Mexico,Laura Ebke,Liberal,846,0.10%,0,99%
Nevada,Donald Trump wins,Republican,"729,822",50.60%,6,99%
Nevada,Kamala Harris,Democrat (incumbent),"684,051",47.50%,0,99%
Nevada,None of these candidates,None Of The Above,"19,072",1.30%,0,99%
Nevada,Chase Oliver,Libertarian,"5,869",0.40%,0,99%
Nevada,Joel Skousen,Constitution,"2,676",0.20%,0,99%
New York,Kamala Harris wins,Democrat (incumbent),"4,348,179",55.50%,28,94.30%
New York,Donald Trump,Republican,"3,439,362",43.90%,0,94.30%
New York,Write-ins,Write - In,"43,362",0.60%,0,94.30%
Ohio,Donald Trump wins,Republican (incumbent),"3,116,579",55.20%,17,95.70%
Ohio,Kamala Harris,Democrat,"2,476,003",43.90%,0,95.70%
Ohio,Chase Oliver,Libertarian,"27,502",0.50%,0,95.70%
Ohio,Richard Duncan,Independent,"12,532",0.20%,0,95.70%
Ohio,Peter Sonski,American Solidarity,"9,973",0.20%,0,95.70%
Ohio,Write-ins,Write - In,"3,705",0.10%,0,95.70%
Oklahoma,Donald Trump wins,Republican (incumbent),"1,036,213",66.20%,7,99%
Oklahoma,Kamala Harris,Democrat,"499,599",31.90%,0,99%
Oklahoma,Robert F. Kennedy Jr,Independent,"16,020",1.00%,0,99%
Oklahoma,Chase Oliver,Libertarian,"9,198",0.60%,0,99%
Oklahoma,Chris Garrity,Independent,"5,143",0.30%,0,99%
Oregon,Kamala Harris wins,Democrat (incumbent),"1,155,481",55.60%,8,88.50%
Oregon,Donald Trump,Republican,"861,020",41.40%,0,88.50%
Oregon,Robert F. Kennedy Jr,Independent,"30,623",1.50%,0,88.50%
Oregon,Jill Stein,Green,"17,037",0.80%,0,88.50%
Oregon,Chase Oliver,Libertarian,"8,134",0.40%,0,88.50%
Oregon,Cornel West,Unity,"5,078",0.20%,0,88.50%
Oregon,Randall Terry,Constitution,"1,679",0.10%,0,88.50%
Oregon,Write-ins,Write - In,379,0.00%,0,88.50%
Pennsylvania,Donald Trump wins,Republican,"3,511,865",50.50%,19,99%
Pennsylvania,Kamala Harris,Democrat (incumbent),"3,365,311",48.40%,0,99%
Pennsylvania,Jill Stein,Green,"33,823",0.50%,0,99%
Pennsylvania,Chase Oliver,Libertarian,"32,955",0.50%,0,99%
Pennsylvania,Write-ins,Write - In,"6,260",0.10%,0,99%
Rhode Island,Kamala Harris wins,Democrat (incumbent),"281,375",55.60%,4,97.20%
Rhode Island,Donald Trump,Republican,"212,990",42.10%,0,97.20%
Rhode Island,Robert F. Kennedy Jr,Independent,"5,006",1.00%,0,97.20%
Rhode Island,Jill Stein,Green,"2,829",0.60%,0,97.20%
Rhode Island,Chase Oliver,Libertarian,"1,602",0.30%,0,97.20%
Rhode Island,Claudia De la Cruz,Peace and Freedom,"1,148",0.20%,0,97.20%
Rhode Island,Robby Wells,The Party Party,356,0.10%,0,97.20%
Rhode Island,Write-ins,Write - In,318,0.10%,0,97.20%
South Carolina,Donald Trump wins,Republican (incumbent),"1,483,612",58.20%,9,98%
South Carolina,Kamala Harris,Democrat,"1,028,532",40.40%,0,98%
South Carolina,Chase Oliver,Libertarian,"12,671",0.50%,0,98%
South Carolina,Jill Stein,Green,"8,122",0.30%,0,98%
South Carolina,Cornel West,Unity,"6,750",0.30%,0,98%
South Carolina,Randall Terry,Constitution,"5,354",0.20%,0,98%
South Carolina,Claudia De la Cruz,Peace and Freedom,"3,060",0.10%,0,98%
South Dakota,Donald Trump wins,Republican (incumbent),"272,081",63.40%,3,99%
South Dakota,Kamala Harris,Democrat,"146,860",34.20%,0,99%
South Dakota,Robert F. Kennedy Jr,Independent,"7,204",1.70%,0,99%
South Dakota,Chase Oliver,Libertarian,"2,778",0.60%,0,99%
Tennessee,Donald Trump wins,Republican (incumbent),"1,964,499",64.10%,11,95.80%
Tennessee,Kamala Harris,Democrat,"1,055,039",34.40%,0,95.80%
Tennessee,Robert F. Kennedy Jr,Independent,"21,511",0.70%,0,95.80%
Tennessee,Jill Stein,Green,"8,953",0.30%,0,95.80%
Tennessee,Jay Bowman,Independent,"5,855",0.20%,0,95.80%
Tennessee,Write-ins,Write - In,"4,692",0.20%,0,95.80%
Tennessee,Claudia De la Cruz,Peace and Freedom,"3,451",0.10%,0,95.80%
Tennessee,Rachele Fruit,Socialist Workers Party,985,0.00%,0,95.80%
Texas,Donald Trump wins,Republican (incumbent),"6,375,318",56.20%,40,99%
Texas,Kamala Harris,Democrat,"4,806,441",42.40%,0,99%
Texas,Jill Stein,Green,"82,299",0.70%,0,99%
Texas,Chase Oliver,Libertarian,"68,266",0.60%,0,99%
Texas,Write-ins,Write - In,"6,917",0.10%,0,99%
Utah,Donald Trump wins,Republican (incumbent),"784,298",59.00%,6,69.30%
Utah,Kamala Harris,Democrat,"510,070",38.30%,0,69.30%
Utah,Chase Oliver,Libertarian,"14,558",1.10%,0,69.30%
Utah,Joel Skousen,Constitution,"7,403",0.60%,0,69.30%
Utah,Jill Stein,Green,"7,012",0.50%,0,69.30%
Utah,Claudia De la Cruz,Peace and Freedom,"2,759",0.20%,0,69.30%
Utah,Lucifer Everylove,Unaffiliated,"2,344",0.20%,0,69.30%
Utah,Cornel West,Unity,"1,909",0.10%,0,69.30%
Utah,Write-ins,Write - In,5,0.00%,0,69.30%
Virginia,Kamala Harris wins,Democrat (incumbent),"2,264,848",52.00%,13,97.70%
Virginia,Donald Trump,Republican,"2,020,582",46.40%,0,97.70%
Virginia,Jill Stein,Green,"33,004",0.80%,0,97.70%
Virginia,Chase Oliver,Libertarian,"19,224",0.40%,0,97.70%
Virginia,Cornel West,Unity,"8,645",0.20%,0,97.70%
Virginia,Claudia De la Cruz,Peace and Freedom,"8,027",0.20%,0,97.70%
Virginia,Write-ins,Write - In,955,0.00%,0,97.70%
Vermont,Kamala Harris wins,Democrat (incumbent),"235,791",64.30%,3,97.80%
Vermont,Donald Trump,Republican,"119,389",32.60%,0,97.80%
Vermont,Robert F. Kennedy Jr,Independent,"5,905",1.60%,0,97.80%
Vermont,Chase Oliver,Libertarian,"1,828",0.50%,0,97.80%
Vermont,Claudia De la Cruz,Peace and Freedom,"1,710",0.50%,0,97.80%
Vermont,Cornel West,Unity,"1,548",0.40%,0,97.80%
Vermont,Write-ins,Write - In,244,0.10%,0,97.80%
Vermont,Rachele Fruit,Socialist Workers Party,211,0.10%,0,97.80%
Washington,Kamala Harris wins,Democrat (incumbent),"2,066,126",58.00%,12,87%
Washington,Donald Trump,Republican,"1,393,054",39.10%,0,87%
Washington,Robert F. Kennedy Jr,Independent,"48,187",1.40%,0,87%
Washington,Jill Stein,Green,"25,289",0.70%,0,87%
Washington,Chase Oliver,Libertarian,"14,430",0.40%,0,87%
Washington,Claudia De la Cruz,Peace and Freedom,"7,260",0.20%,0,87%
Washington,Cornel West,Unity,"6,144",0.20%,0,87%
Washington,Shiva Ayyadurai,Independent,"2,939",0.10%,0,87%
Washington,Joseph Kishore,Socialist Equality,802,0.00%,0,87%
Washington,Rachele Fruit,Socialist Workers Party,722,0.00%,0,87%
Washington,Write-ins,Write - In,0,0.00%,0,87%
Wisconsin,Donald Trump wins,Republican,"1,697,769",49.60%,10,99%
Wisconsin,Kamala Harris,Democrat (incumbent),"1,668,082",48.80%,0,99%
Wisconsin,Robert F. Kennedy Jr,Independent,"17,674",0.50%,0,99%
Wisconsin,Jill Stein,Green,"12,266",0.40%,0,99%
Wisconsin,Chase Oliver,Libertarian,"10,501",0.30%,0,99%
Wisconsin,Write-ins,Write - In,"5,047",0.10%,0,99%
Wisconsin,Randall Terry,Constitution,"4,058",0.10%,0,99%
Wisconsin,Cornel West,Unity,"2,724",0.10%,0,99%
Wisconsin,Claudia De la Cruz,Peace and Freedom,"2,041",0.10%,0,99%
West Virginia,Donald Trump wins,Republican (incumbent),"527,644",70.10%,4,99%
West Virginia,Kamala Harris,Democrat,"210,223",27.90%,0,99%
West Virginia,Robert F. Kennedy Jr,Independent,"8,842",1.20%,0,99%
West Virginia,Chase Oliver,Libertarian,"2,995",0.40%,0,99%
West Virginia,Jill Stein,Green,"2,482",0.30%,0,99%
West Virginia,Write-ins,Write - In,736,0.10%,0,99%
Wyoming,Donald Trump wins,Republican (incumbent),"192,576",71.60%,3,99%
Wyoming,Kamala Harris,Democrat,"69,508",25.80%,0,99%
Wyoming,Chase Oliver,Libertarian,"4,191",1.60%,0,99%
Wyoming,Write-ins,Write - In,"2,694",1.00%,0,99%
,,,,,,
Senate race results,,,,,,
,,,,,,
State,Candidate,Party,Votes,Vote share,Expected votes counted (%),
Arizona,Ruben Gallego,Democratic,"1,556,441",50.00%,90.80%,
Arizona,Kari Lake,Republican,"1,490,136",47.80%,90.80%,
Arizona,Eduardo Quintana,Green,"68,000",2.20%,90.80%,
Arizona,Write-ins,Write - In,0,0.00%,90.80%,
California,Adam Schiff wins,Democratic,"7,072,269",58.60%,74.90%,
California,Steve Garvey,Republican,"4,993,021",41.40%,74.90%,
Connecticut,Chris Murphy wins,Democratic,"998,773",58.50%,96.10%,
Connecticut,Matthew Corey,Republican,"676,775",39.70%,96.10%,
Connecticut,Justin Paglino,Green,"15,712",0.90%,96.10%,
Connecticut,Robert Hyde,Independent,"14,731",0.90%,96.10%,
Delaware,Lisa Blunt Rochester wins,Democratic,"283,244",56.60%,98.10%,
Delaware,Eric Hansen,Republican,"197,710",39.50%,98.10%,
Delaware,Michael Katz,Independent Party of DE,"19,551",3.90%,98.10%,
Florida,Rick Scott wins,Republican,"5,976,353",55.60%,97.80%,
Florida,Debbie Mucarsel-Powell,Democratic,"4,600,822",42.80%,97.80%,
Florida,Ben Everidge,No Party Affiliation,"62,640",0.60%,97.80%,
Florida,Feena Bonoan,Libertarian,"57,345",0.50%,97.80%,
Florida,Tuan Nguyen,No Party Affiliation,"56,544",0.50%,97.80%,
Florida,Write-ins,Write - In,"1,120",0.00%,97.80%,
Hawaii,Mazie Hirono wins,Democratic,"323,489",64.60%,87.10%,
Hawaii,Bob McDermott,Republican,"159,709",31.90%,87.10%,
Hawaii,Shelby Billionaire,We the People,"9,191",1.80%,87.10%,
Hawaii,Emma Pohlman,Green,"8,241",1.60%,87.10%,
Indiana,Jim Banks wins,Republican,"1,652,380",58.50%,93.70%,
Indiana,Valerie McCray,Democratic,"1,089,285",38.60%,93.70%,
Indiana,Andrew Horning,Libertarian,"82,889",2.90%,93.70%,
Indiana,Write-ins,Write - In,252,0.00%,93.70%,
Maine,Angus King wins,Independent,"409,694",52.40%,95.40%,
Maine,Demi Kouzounas,Republican,"268,438",34.30%,95.40%,
Maine,David Costello,Democratic,"84,364",10.80%,95.40%,
Maine,Jason Cherry,Independent,"20,067",2.60%,95.40%,
Maryland,Angela Alsobrooks wins,Democratic,"1,438,753",53.20%,88.90%,
Maryland,Larry Hogan,Republican,"1,201,369",44.40%,88.90%,
Maryland,Mike Scott,Libertarian,"63,561",2.40%,88.90%,
Maryland,Write-ins,Write - In,0,0.00%,88.90%,
Massachusetts,Elizabeth Warren wins,Democratic,"1,583,429",59.50%,75%,
Massachusetts,John Deaton,Republican,"1,071,313",40.30%,75%,
Massachusetts,Write-ins,Write - In,"6,565",0.20%,75%,
Michigan,Elissa Slotkin wins,Democratic,"2,707,571",48.60%,97.70%,
Michigan,Mike Rogers,Republican,"2,686,335",48.30%,97.70%,
Michigan,Joseph Solis-Mullen,Libertarian,"56,729",1.00%,97.70%,
Michigan,Douglas Marsh,Green,"54,965",1.00%,97.70%,
Michigan,Dave Stein,U.S. Taxpayers Party,"41,432",0.70%,97.70%,
Michigan,Doug Dern,Natural Law Party,"18,835",0.30%,97.70%,
Michigan,Write-ins,Write - In,862,0.00%,97.70%,
Minnesota,Amy Klobuchar wins,Democratic,"1,795,708",56.30%,97.30%,
Minnesota,Royce White,Republican,"1,293,569",40.50%,97.30%,
Minnesota,Rebecca Whiting,Libertarian,"55,339",1.70%,97.30%,
Minnesota,Joyce Lacey,Independence,"46,528",1.50%,97.30%,
Mississippi,Roger Wicker wins,Republican,"692,115",62.80%,88.20%,
Mississippi,Ty Pinkins,Democratic,"406,933",36.90%,88.20%,
Mississippi,Write-ins,Write - In,"3,502",0.30%,88.20%,
Missouri,Josh Hawley wins,Republican,"1,640,034",55.60%,98.40%,
Missouri,Lucas Kunce,Democratic,"1,234,290",41.80%,98.40%,
Missouri,W.C. Young,Libertarian,"35,415",1.20%,98.40%,
Missouri,Jared Young,The Better Party,"20,921",0.70%,98.40%,
Missouri,Nathan Kline,Green,"19,922",0.70%,98.40%,
Montana,Tim Sheehy wins,Republican,"312,070",52.80%,96.90%,
Montana,Jon Tester,Democratic,"267,983",45.40%,96.90%,
Montana,Sid Daoud,Libertarian,"6,975",1.20%,96.90%,
Montana,Robert Barb,Green,"3,836",0.60%,96.90%,
Montana,Write-ins,Write - In,11,0.00%,96.90%,
Nebraska,Deb Fischer wins,Republican,"493,039",53.60%,95.90%,
Nebraska,Dan Osborn,Independent,"427,278",46.40%,95.90%,
Nevada,Jacky Rosen wins,Democratic,"680,968",47.90%,98.10%,
Nevada,Sam Brown,Republican,"659,386",46.30%,98.10%,
Nevada,None of these candidates,None Of The Above,"41,740",2.90%,98.10%,
Nevada,Janine Hansen,Independent American,"20,611",1.40%,98.10%,
Nevada,Chris Cunningham,Libertarian,"20,133",1.40%,98.10%,
New Jersey,Andy Kim wins,Democratic,"2,071,488",53.30%,86.40%,
New Jersey,Curtis Bashaw,Republican,"1,721,862",44.30%,86.40%,
New Jersey,Christina Khalil,Green,"42,278",1.10%,86.40%,
New Jersey,Kenneth Kaplan,Libertarian,"23,096",0.60%,86.40%,
New Jersey,Patricia Mooneyham,Independent,"16,371",0.40%,86.40%,
New Jersey,Joanne Kuniansky,Socialist Workers Party,"9,254",0.20%,86.40%,
New Jersey,Write-ins,Write - In,"2,952",0.10%,86.40%,
New Mexico,Martin Heinrich wins,Democratic,"494,568",55.00%,97.80%,
New Mexico,Nella Domenici,Republican,"404,882",45.00%,97.80%,
New York,Kirsten Gillibrand wins,Democratic,"4,444,260",58.40%,91.60%,
New York,Mike Sapraicone,Republican,"3,126,166",41.10%,91.60%,
New York,Diane Sare,Independent,"36,064",0.50%,91.60%,
North Dakota,Kevin Cramer wins,Republican,"241,066",66.50%,97.90%,
North Dakota,Katrina Christiansen,Democratic,"121,291",33.50%,97.90%,
Ohio,Bernie Moreno wins,Republican,"2,832,208",50.30%,95.40%,
Ohio,Sherrod Brown,Democratic,"2,606,870",46.30%,95.40%,
Ohio,Don Kissick,Libertarian,"190,198",3.40%,95.40%,
Ohio,Write-ins,Write - In,"1,034",0.00%,95.40%,
Pennsylvania,Dave McCormick,Republican,"3,370,659",49.00%,98.30%,
Pennsylvania,Bob Casey,Democratic,"3,330,514",48.40%,98.30%,
Pennsylvania,John Thomas,Libertarian,"88,358",1.30%,98.30%,
Pennsylvania,Leila Hazou,Green,"64,648",0.90%,98.30%,
Pennsylvania,Marty Selker,Constitution,"23,309",0.30%,98.30%,
Pennsylvania,Write-ins,Write - In,694,0.00%,98.30%,
Rhode Island,Sheldon Whitehouse wins,Democratic,"291,127",59.90%,93.50%,
Rhode Island,Patricia Morgan,Republican,"195,044",40.10%,93.50%,
Rhode Island,Write-ins,Write - In,0,0.00%,93.50%,
Tennessee,Marsha Blackburn wins,Republican,"1,919,606",63.80%,94%,
Tennessee,Gloria Johnson,Democratic,"1,027,025",34.10%,94%,
Tennessee,Tharon Chandler,Independent,"28,558",0.90%,94%,
Tennessee,Pamela Moses,Independent,"24,633",0.80%,94%,
Tennessee,Hastina Robinson,Independent,"8,270",0.30%,94%,
Texas,Ted Cruz wins,Republican,"5,973,574",53.10%,98.60%,
Texas,Colin Allred,Democratic,"5,002,880",44.50%,98.60%,
Texas,Ted Brown,Libertarian,"267,069",2.40%,98.60%,
Texas,Write-ins,Write - In,"1,760",0.00%,98.60%,
Utah,John Curtis wins,Republican,"818,075",62.40%,84.60%,
Utah,Caroline Gleich,Democratic,"421,165",32.10%,84.60%,
Utah,Carlton Bowen,Independent American,"72,641",5.50%,84.60%,
Utah,Write-ins,Write - In,52,0.00%,84.60%,
Vermont,Bernie Sanders wins,Independent,"229,423",63.20%,96.80%,
Vermont,Gerald Malloy,Republican,"116,509",32.10%,96.80%,
Vermont,Steve Berry,Independent,"7,941",2.20%,96.80%,
Vermont,Matt Hill,Libertarian,"4,532",1.20%,96.80%,
Vermont,Justin Schoville,Peace and Justice,"3,347",0.90%,96.80%,
Vermont,Mark Stewart Greenstein,Epic,"1,104",0.30%,96.80%,
Vermont,Write-ins,Write - In,42,0.00%,96.80%,
Virginia,Tim Kaine wins,Democratic,"2,343,506",54.30%,96.70%,
Virginia,Hung Cao,Republican,"1,970,962",45.70%,96.70%,
Washington,Maria Cantwell wins,Democratic,"2,074,116",59.50%,85.10%,
Washington,Raul Garcia,Republican,"1,413,153",40.50%,85.10%,
West Virginia,Jim Justice wins,Republican,"508,356",68.90%,97.10%,
West Virginia,Glenn Elliott,Democratic,"203,717",27.60%,97.10%,
West Virginia,David Moran,Libertarian,"25,732",3.50%,97.10%,
West Virginia,Write-ins,Write - In,301,0.00%,97.10%,
Wisconsin,Tammy Baldwin wins,Democratic,"1,668,545",49.40%,98.70%,
Wisconsin,Eric Hovde,Republican,"1,641,181",48.50%,98.70%,
Wisconsin,Phil Anderson,Libertarian,"42,291",1.30%,98.70%,
Wisconsin,Thomas Leager,American First Coalition,"28,711",0.80%,98.70%,
Wyoming,John Barrasso wins,Republican,"198,366",75.10%,97.80%,
Wyoming,Scott Morrow,Democratic,"63,714",24.10%,97.80%,
Wyoming,Write-ins,Write - In,"2,017",0.80%,97.80%,